,STREET_TICKER,ASOF_DATE,CALL_TYPE,CASHFLOW_DATE,INTEREST,PRINCIPAL,CASHFLOW
0,GNMA,2021-12-31,WORST,2022-01-06,0.0,168586.658,168586.658
1,GNMA,2021-12-31,WORST,2022-01-15,3006.331,19962.923,22969.254
2,GNMA,2021-12-31,WORST,2022-01-20,91069.456,780370.366,871439.774
3,GNMA,2021-12-31,WORST,2022-02-15,3120.293,16072.418,19192.711
4,GNMA,2021-12-31,WORST,2022-02-20,108560.724,713695.861,822256.603
5,GNMA,2021-12-31,WORST,2022-03-15,3072.642,15686.753,18759.395
6,GNMA,2021-12-31,WORST,2022-03-20,106614.184,666095.228,772709.409
7,GNMA,2021-12-31,WORST,2022-04-15,3026.074,18008.343,21034.416
8,GNMA,2021-12-31,WORST,2022-04-20,104810.505,785994.631,890805.102
9,GNMA,2021-12-31,WORST,2022-05-15,2972.507,17139.236,20111.745
10,GNMA,2021-12-31,WORST,2022-05-20,102722.19,792630.03,895352.173
11,GNMA,2021-12-31,WORST,2022-06-15,2921.54,18007.112,20928.653
12,GNMA,2021-12-31,WORST,2022-06-20,100658.816,868675.742,969334.561
13,GNMA,2021-12-31,WORST,2022-07-15,2867.961,18844.344,21712.305
14,GNMA,2021-12-31,WORST,2022-07-20,98425.931,889428.425,987854.381
15,GNMA,2021-12-31,WORST,2022-08-15,2811.851,16829.765,19641.619
16,GNMA,2021-12-31,WORST,2022-08-20,96155.438,802751.659,898907.05
17,GNMA,2021-12-31,WORST,2022-09-15,2761.71,18256.701,21018.41
18,GNMA,2021-12-31,WORST,2022-09-20,94122.862,861478.066,955600.959
19,GNMA,2021-12-31,WORST,2022-10-15,2707.342,15958.408,18665.752
20,GNMA,2021-12-31,WORST,2022-10-20,91952.312,746279.202,838231.521
21,GNMA,2021-12-31,WORST,2022-11-15,2659.683,14843.057,17502.739
22,GNMA,2021-12-31,WORST,2022-11-20,90073.393,687364.472,777437.896
23,GNMA,2021-12-31,WORST,2022-12-15,2615.391,14499.738,17115.13
24,GNMA,2021-12-31,WORST,2022-12-20,88349.759,672534.304,760884.069
25,GNMA,2021-12-31,WORST,2023-01-15,2572.181,15113.638,17685.817
26,GNMA,2021-12-31,WORST,2023-01-20,86672.469,695530.73,782203.232
27,GNMA,2021-12-31,WORST,2023-02-15,2527.122,12915.873,15442.994
28,GNMA,2021-12-31,WORST,2023-02-20,84942.045,594781.917,679723.836
29,GNMA,2021-12-31,WORST,2023-03-15,2488.572,12467.085,14955.656
30,GNMA,2021-12-31,WORST,2023-03-20,83461.713,567973.139,651434.809
31,GNMA,2021-12-31,WORST,2023-04-15,2451.392,14327.791,16779.183
32,GNMA,2021-12-31,WORST,2023-04-20,82055.357,650164.522,732219.886
33,GNMA,2021-12-31,WORST,2023-05-15,2408.666,13270.242,15678.905
34,GNMA,2021-12-31,WORST,2023-05-20,80447.335,596212.135,676659.445
35,GNMA,2021-12-31,WORST,2023-06-15,2369.114,15123.981,17493.095
36,GNMA,2021-12-31,WORST,2023-06-20,78979.148,676688.479,755667.561
37,GNMA,2021-12-31,WORST,2023-07-15,2324.109,15282.642,17606.755
38,GNMA,2021-12-31,WORST,2023-07-20,77321.378,681007.52,758328.923
39,GNMA,2021-12-31,WORST,2023-08-15,2278.639,13641.493,15920.131
40,GNMA,2021-12-31,WORST,2023-08-20,75659.322,605453.534,681112.99
41,GNMA,2021-12-31,WORST,2023-09-15,2238.022,14712.645,16950.66
42,GNMA,2021-12-31,WORST,2023-09-20,74185.82,655410.202,729596.046
43,GNMA,2021-12-31,WORST,2023-10-15,2194.268,12374.29,14568.557
44,GNMA,2021-12-31,WORST,2023-10-20,72595.694,544188.342,616784.09
45,GNMA,2021-12-31,WORST,2023-11-15,2157.337,12248.236,14405.57
46,GNMA,2021-12-31,WORST,2023-11-20,71274.226,537442.091,608716.268
47,GNMA,2021-12-31,WORST,2023-12-15,2120.817,11879.442,14000.256
48,GNMA,2021-12-31,WORST,2023-12-20,69972.573,521823.288,591795.86
49,GNMA,2021-12-31,WORST,2024-01-15,2085.436,11105.126,13190.562
50,GNMA,2021-12-31,WORST,2024-01-20,68713.326,483383.288,552096.584
51,GNMA,2021-12-31,WORST,2024-02-15,2052.318,10126.428,12178.746
52,GNMA,2021-12-31,WORST,2024-02-20,67548.08,439410.208,506958.223
53,GNMA,2021-12-31,WORST,2024-03-15,2022.075,10087.215,12109.294
54,GNMA,2021-12-31,WORST,2024-03-20,66487.489,438186.913,504674.36
55,GNMA,2021-12-31,WORST,2024-04-15,1991.981,10406.058,12398.037
56,GNMA,2021-12-31,WORST,2024-04-20,65434.702,453045.749,518480.467
57,GNMA,2021-12-31,WORST,2024-05-15,1960.915,10978.236,12939.149
58,GNMA,2021-12-31,WORST,2024-05-20,64346.818,480215.366,544562.245
59,GNMA,2021-12-31,WORST,2024-06-15,1928.193,11589.084,13517.278
60,GNMA,2021-12-31,WORST,2024-06-20,63197.373,507665.81,570863.211
61,GNMA,2021-12-31,WORST,2024-07-15,1893.693,10928.72,12822.408
62,GNMA,2021-12-31,WORST,2024-07-20,61987.069,475195.759,537182.811
63,GNMA,2021-12-31,WORST,2024-08-15,1861.138,11234.16,13095.297
64,GNMA,2021-12-31,WORST,2024-08-20,60856.437,488866.697,549723.153
65,GNMA,2021-12-31,WORST,2024-09-15,1827.68,10907.379,12735.059
66,GNMA,2021-12-31,WORST,2024-09-20,59694.487,473794.365,533488.895
67,GNMA,2021-12-31,WORST,2024-10-15,1795.208,9571.092,11366.303
68,GNMA,2021-12-31,WORST,2024-10-20,58570.51,408476.076,467046.539
69,GNMA,2021-12-31,WORST,2024-11-15,1766.616,9777.982,11544.595
70,GNMA,2021-12-31,WORST,2024-11-20,57599.234,417880.848,475480.002
71,GNMA,2021-12-31,WORST,2024-12-15,1737.438,8660.911,10398.352
72,GNMA,2021-12-31,WORST,2024-12-20,56607.225,366601.177,423208.382
73,GNMA,2021-12-31,WORST,2025-01-15,1711.605,8977.383,10688.989
74,GNMA,2021-12-31,WORST,2025-01-20,55739.263,380522.64,436261.866
75,GNMA,2021-12-31,WORST,2025-02-15,1684.828,7986.297,9671.125
76,GNMA,2021-12-31,WORST,2025-02-20,54838.64,334936.478,389775.11
77,GNMA,2021-12-31,WORST,2025-03-15,1660.966,7742.353,9403.32
78,GNMA,2021-12-31,WORST,2025-03-20,54044.422,324640.743,378685.252
79,GNMA,2021-12-31,WORST,2025-04-15,1637.86,8232.994,9870.855
80,GNMA,2021-12-31,WORST,2025-04-20,53277.781,348761.618,402039.431
81,GNMA,2021-12-31,WORST,2025-05-15,1613.298,8684.145,10297.442
82,GNMA,2021-12-31,WORST,2025-05-20,52454.482,372826.678,425281.191
83,GNMA,2021-12-31,WORST,2025-06-15,1587.437,8895.639,10483.076
84,GNMA,2021-12-31,WORST,2025-06-20,51577.958,382891.829,434469.775
85,GNMA,2021-12-31,WORST,2025-07-15,1560.978,9015.54,10576.515
86,GNMA,2021-12-31,WORST,2025-07-20,50680.916,387312.282,437993.298
87,GNMA,2021-12-31,WORST,2025-08-15,1534.166,8982.086,10516.251
88,GNMA,2021-12-31,WORST,2025-08-20,49775.159,384978.119,434753.256
89,GNMA,2021-12-31,WORST,2025-09-15,1507.454,8491.282,9998.735
90,GNMA,2021-12-31,WORST,2025-09-20,48875.388,362129.941,411005.314
91,GNMA,2021-12-31,WORST,2025-10-15,1482.207,8003.741,9485.947
92,GNMA,2021-12-31,WORST,2025-10-20,48030.217,335820.412,383850.646
93,GNMA,2021-12-31,WORST,2025-11-15,1458.344,7941.308,9399.652
94,GNMA,2021-12-31,WORST,2025-11-20,47243.904,333156.39,380400.308
95,GNMA,2021-12-31,WORST,2025-12-15,1434.689,6866.382,8301.071
96,GNMA,2021-12-31,WORST,2025-12-20,46465.093,283542.067,330007.147
97,GNMA,2021-12-31,WORST,2026-01-15,1414.236,7565.428,8979.663
98,GNMA,2021-12-31,WORST,2026-01-20,45803.479,315946.579,361750.06
99,GNMA,2021-12-31,WORST,2026-02-15,1391.711,6398.328,7790.04
100,GNMA,2021-12-31,WORST,2026-02-20,45066.55,260483.625,305550.157
101,GNMA,2021-12-31,WORST,2026-03-15,1372.623,6393.337,7765.961
102,GNMA,2021-12-31,WORST,2026-03-20,44457.14,261757.316,306214.551
103,GNMA,2021-12-31,WORST,2026-04-15,1353.572,6984.292,8337.864
104,GNMA,2021-12-31,WORST,2026-04-20,43847.094,291229.789,335076.908
105,GNMA,2021-12-31,WORST,2026-05-15,1332.776,7138.977,8471.747
106,GNMA,2021-12-31,WORST,2026-05-20,43169.092,302243.344,345412.392
107,GNMA,2021-12-31,WORST,2026-06-15,1311.548,7074.108,8385.657
108,GNMA,2021-12-31,WORST,2026-06-20,42468.625,299489.823,341958.411
109,GNMA,2021-12-31,WORST,2026-07-15,1290.531,7635.133,8925.662
110,GNMA,2021-12-31,WORST,2026-07-20,41776.486,325257.514,367033.934
111,GNMA,2021-12-31,WORST,2026-08-15,1267.862,7589.066,8856.927
112,GNMA,2021-12-31,WORST,2026-08-20,41025.921,322115.808,363141.714
113,GNMA,2021-12-31,WORST,2026-09-15,1245.333,6976.418,8221.752
114,GNMA,2021-12-31,WORST,2026-09-20,40282.699,293111.181,333393.879
115,GNMA,2021-12-31,WORST,2026-10-15,1224.619,6586.067,7810.686
116,GNMA,2021-12-31,WORST,2026-10-20,39606.957,270887.875,310494.848
117,GNMA,2021-12-31,WORST,2026-11-15,1205.007,6353.234,7558.24
118,GNMA,2021-12-31,WORST,2026-11-20,38979.888,260271.484,299251.31
119,GNMA,2021-12-31,WORST,2026-12-15,1186.104,5853.347,7039.452
120,GNMA,2021-12-31,WORST,2026-12-20,38377.988,238390.131,276768.187
121,GNMA,2021-12-31,WORST,2027-01-15,1168.691,6228.782,7397.473
122,GNMA,2021-12-31,WORST,2027-01-20,37827.818,255493.474,293321.215
123,GNMA,2021-12-31,WORST,2027-02-15,1150.166,5157.476,6307.639
124,GNMA,2021-12-31,WORST,2027-02-20,37238.129,203968.439,241206.572
125,GNMA,2021-12-31,WORST,2027-03-15,1134.789,5287.768,6422.557
126,GNMA,2021-12-31,WORST,2027-03-20,36765.58,212392.865,249158.372
127,GNMA,2021-12-31,WORST,2027-04-15,1119.047,5911.257,7030.304
128,GNMA,2021-12-31,WORST,2027-04-20,36275.3,244537.47,280812.681
129,GNMA,2021-12-31,WORST,2027-05-15,1101.464,5874.0,6975.464
130,GNMA,2021-12-31,WORST,2027-05-20,35712.304,246358.393,282070.737
131,GNMA,2021-12-31,WORST,2027-06-15,1084.011,5825.63,6909.641
132,GNMA,2021-12-31,WORST,2027-06-20,35147.515,244570.911,279718.458
133,GNMA,2021-12-31,WORST,2027-07-15,1066.714,6272.792,7339.507
134,GNMA,2021-12-31,WORST,2027-07-20,34588.265,265504.038,300092.243
135,GNMA,2021-12-31,WORST,2027-08-15,1048.107,6059.855,7107.961
136,GNMA,2021-12-31,WORST,2027-08-20,33981.909,254345.674,288327.588
137,GNMA,2021-12-31,WORST,2027-09-15,1030.124,5920.003,6950.13
138,GNMA,2021-12-31,WORST,2027-09-20,33400.773,248383.988,281784.762
139,GNMA,2021-12-31,WORST,2027-10-15,1012.564,5434.484,6447.048
140,GNMA,2021-12-31,WORST,2027-10-20,32833.947,221483.296,254317.274
141,GNMA,2021-12-31,WORST,2027-11-15,996.395,5099.788,6096.181
142,GNMA,2021-12-31,WORST,2027-11-20,32325.835,206053.197,238379.026
143,GNMA,2021-12-31,WORST,2027-12-15,981.219,4992.693,5973.916
144,GNMA,2021-12-31,WORST,2027-12-20,31853.421,202684.113,234537.498
145,GNMA,2021-12-31,WORST,2028-01-15,966.381,5282.136,6248.518
146,GNMA,2021-12-31,WORST,2028-01-20,31389.823,216027.021,247416.83
147,GNMA,2021-12-31,WORST,2028-02-15,950.684,4401.372,5352.059
148,GNMA,2021-12-31,WORST,2028-02-20,30895.759,173156.525,204052.275
149,GNMA,2021-12-31,WORST,2028-03-15,937.572,4517.102,5454.672
150,GNMA,2021-12-31,WORST,2028-03-20,30497.925,180672.097,211170.011
151,GNMA,2021-12-31,WORST,2028-04-15,924.138,4890.024,5814.163
152,GNMA,2021-12-31,WORST,2028-04-20,30084.625,200906.108,230990.725
153,GNMA,2021-12-31,WORST,2028-05-15,909.603,4593.226,5502.827
154,GNMA,2021-12-31,WORST,2028-05-20,29626.12,189573.327,219199.415
155,GNMA,2021-12-31,WORST,2028-06-15,895.955,5114.909,6010.864
156,GNMA,2021-12-31,WORST,2028-06-20,29195.02,216290.486,245485.495
157,GNMA,2021-12-31,WORST,2028-07-15,880.787,5174.539,6055.329
158,GNMA,2021-12-31,WORST,2028-07-20,28704.917,218579.74,247284.749
159,GNMA,2021-12-31,WORST,2028-08-15,865.449,4724.052,5589.5
160,GNMA,2021-12-31,WORST,2028-08-20,28210.107,195591.949,223802.035
161,GNMA,2021-12-31,WORST,2028-09-15,851.433,5031.058,5882.49
162,GNMA,2021-12-31,WORST,2028-09-20,27766.445,211864.659,239631.122
163,GNMA,2021-12-31,WORST,2028-10-15,836.527,4381.625,5218.148
164,GNMA,2021-12-31,WORST,2028-10-20,27287.204,176771.282,204058.427
165,GNMA,2021-12-31,WORST,2028-11-15,823.492,4356.474,5179.968
166,GNMA,2021-12-31,WORST,2028-11-20,26884.649,176157.655,203042.305
167,GNMA,2021-12-31,WORST,2028-12-15,810.545,4264.841,5075.389
168,GNMA,2021-12-31,WORST,2028-12-20,26484.009,173379.192,199863.176
169,GNMA,2021-12-31,WORST,2029-01-15,797.885,4060.192,4858.078
170,GNMA,2021-12-31,WORST,2029-01-20,26090.599,162424.758,188515.349
171,GNMA,2021-12-31,WORST,2029-02-15,785.82,3769.641,4555.46
172,GNMA,2021-12-31,WORST,2029-02-20,25721.33,148152.174,173873.531
173,GNMA,2021-12-31,WORST,2029-03-15,774.603,3676.744,4451.346
174,GNMA,2021-12-31,WORST,2029-03-20,25383.536,145200.171,170583.768
175,GNMA,2021-12-31,WORST,2029-04-15,763.672,3967.396,4731.068
176,GNMA,2021-12-31,WORST,2029-04-20,25053.498,161534.536,186588.015
177,GNMA,2021-12-31,WORST,2029-05-15,751.883,3935.081,4686.965
178,GNMA,2021-12-31,WORST,2029-05-20,24687.378,162857.511,187544.777
179,GNMA,2021-12-31,WORST,2029-06-15,740.206,4242.366,4982.575
180,GNMA,2021-12-31,WORST,2029-06-20,24319.743,179210.769,203530.523
181,GNMA,2021-12-31,WORST,2029-07-15,727.638,4171.439,4899.08
182,GNMA,2021-12-31,WORST,2029-07-20,23916.578,175066.336,198982.811
183,GNMA,2021-12-31,WORST,2029-08-15,715.281,4042.725,4758.004
184,GNMA,2021-12-31,WORST,2029-08-20,23522.69,168073.726,191596.394
185,GNMA,2021-12-31,WORST,2029-09-15,703.299,4172.393,4875.691
186,GNMA,2021-12-31,WORST,2029-09-20,23144.202,175573.698,198717.808
187,GNMA,2021-12-31,WORST,2029-10-15,690.948,3556.754,4247.699
188,GNMA,2021-12-31,WORST,2029-10-20,22749.698,141907.777,164657.359
189,GNMA,2021-12-31,WORST,2029-11-15,680.369,3726.278,4406.649
190,GNMA,2021-12-31,WORST,2029-11-20,22428.329,151047.131,173475.426
191,GNMA,2021-12-31,WORST,2029-12-15,669.314,3559.48,4228.792
192,GNMA,2021-12-31,WORST,2029-12-20,22087.034,144178.333,166265.45
193,GNMA,2021-12-31,WORST,2030-01-15,658.753,3395.769,4054.522
194,GNMA,2021-12-31,WORST,2030-01-20,21761.935,135220.003,156982.002
195,GNMA,2021-12-31,WORST,2030-02-15,648.667,3162.606,3811.27
196,GNMA,2021-12-31,WORST,2030-02-20,21456.485,123525.105,144981.529
197,GNMA,2021-12-31,WORST,2030-03-15,639.261,3088.207,3727.467
198,GNMA,2021-12-31,WORST,2030-03-20,21176.473,121288.85,142465.398
199,GNMA,2021-12-31,WORST,2030-04-15,630.08,3238.35,3868.43
200,GNMA,2021-12-31,WORST,2030-04-20,20902.406,130540.783,151443.106
201,GNMA,2021-12-31,WORST,2030-05-15,620.463,3374.175,3994.641
202,GNMA,2021-12-31,WORST,2030-05-20,20608.142,140183.663,160791.809
203,GNMA,2021-12-31,WORST,2030-06-15,610.459,3532.454,4142.91
204,GNMA,2021-12-31,WORST,2030-06-20,20293.759,149071.029,169364.804
205,GNMA,2021-12-31,WORST,2030-07-15,600.002,3381.759,3981.761
206,GNMA,2021-12-31,WORST,2030-07-20,19960.43,140750.674,160711.164
207,GNMA,2021-12-31,WORST,2030-08-15,589.984,3461.557,4051.541
208,GNMA,2021-12-31,WORST,2030-08-20,19645.584,144608.631,164254.182
209,GNMA,2021-12-31,WORST,2030-09-15,579.735,3387.187,3966.923
210,GNMA,2021-12-31,WORST,2030-09-20,19322.029,141552.953,160874.939
211,GNMA,2021-12-31,WORST,2030-10-15,569.708,3061.022,3630.731
212,GNMA,2021-12-31,WORST,2030-10-20,19005.616,122521.225,141526.825
213,GNMA,2021-12-31,WORST,2030-11-15,560.615,3115.3,3675.912
214,GNMA,2021-12-31,WORST,2030-11-20,18729.96,125916.844,144646.739
215,GNMA,2021-12-31,WORST,2030-12-15,551.373,2840.72,3392.095
216,GNMA,2021-12-31,WORST,2030-12-20,18447.076,112963.152,131410.276
217,GNMA,2021-12-31,WORST,2031-01-15,542.939,2919.588,3462.527
218,GNMA,2021-12-31,WORST,2031-01-20,18193.468,116609.239,134802.756
219,GNMA,2021-12-31,WORST,2031-02-15,534.277,2664.33,3198.605
220,GNMA,2021-12-31,WORST,2031-02-20,17931.639,103424.483,121356.058
221,GNMA,2021-12-31,WORST,2031-03-15,526.353,2604.277,3130.631
222,GNMA,2021-12-31,WORST,2031-03-20,17698.508,101691.013,119389.507
223,GNMA,2021-12-31,WORST,2031-04-15,518.612,2720.591,3239.205
224,GNMA,2021-12-31,WORST,2031-04-20,17469.971,109230.948,126700.983
225,GNMA,2021-12-31,WORST,2031-05-15,510.534,2825.923,3336.457
226,GNMA,2021-12-31,WORST,2031-05-20,17225.165,117154.155,134379.391
227,GNMA,2021-12-31,WORST,2031-06-15,502.161,2877.199,3379.356
228,GNMA,2021-12-31,WORST,2031-06-20,16963.917,120572.255,137536.185
229,GNMA,2021-12-31,WORST,2031-07-15,493.641,2904.64,3398.281
230,GNMA,2021-12-31,WORST,2031-07-20,16695.689,121792.534,138488.193
231,GNMA,2021-12-31,WORST,2031-08-15,485.041,2891.125,3376.17
232,GNMA,2021-12-31,WORST,2031-08-20,16424.809,120806.408,137231.178
233,GNMA,2021-12-31,WORST,2031-09-15,476.484,2763.381,3239.869
234,GNMA,2021-12-31,WORST,2031-09-20,16156.021,114646.738,130802.737
235,GNMA,2021-12-31,WORST,2031-10-15,468.302,2634.111,3102.416
236,GNMA,2021-12-31,WORST,2031-10-20,15900.98,105965.736,121866.819
237,GNMA,2021-12-31,WORST,2031-11-15,460.484,2613.69,3074.171
238,GNMA,2021-12-31,WORST,2031-11-20,15663.929,105423.7,121087.603
239,GNMA,2021-12-31,WORST,2031-12-15,452.728,2339.852,2792.578
240,GNMA,2021-12-31,WORST,2031-12-20,15428.362,91871.704,107300.073
241,GNMA,2021-12-31,WORST,2032-01-15,445.776,2509.751,2955.528
242,GNMA,2021-12-31,WORST,2032-01-20,15223.017,100828.847,116051.81
243,GNMA,2021-12-31,WORST,2032-02-15,438.332,2208.177,2646.509
244,GNMA,2021-12-31,WORST,2032-02-20,14997.85,84686.846,99684.637
245,GNMA,2021-12-31,WORST,2032-03-15,431.767,2204.268,2636.037
246,GNMA,2021-12-31,WORST,2032-03-20,14807.791,85734.174,100541.975
247,GNMA,2021-12-31,WORST,2032-04-15,425.216,2391.61,2816.827
248,GNMA,2021-12-31,WORST,2032-04-20,14616.029,97257.357,111873.447
249,GNMA,2021-12-31,WORST,2032-05-15,418.123,2373.586,2791.708
250,GNMA,2021-12-31,WORST,2032-05-20,14399.45,98299.443,112698.821
251,GNMA,2021-12-31,WORST,2032-06-15,411.089,2355.596,2766.686
252,GNMA,2021-12-31,WORST,2032-06-20,14181.331,97903.015,112084.339
253,GNMA,2021-12-31,WORST,2032-07-15,404.114,2492.713,2896.824
254,GNMA,2021-12-31,WORST,2032-07-20,13964.459,105401.687,119366.115
255,GNMA,2021-12-31,WORST,2032-08-15,396.736,2421.164,2817.904
256,GNMA,2021-12-31,WORST,2032-08-20,13731.309,101284.814,115016.235
257,GNMA,2021-12-31,WORST,2032-09-15,389.572,2372.211,2761.783
258,GNMA,2021-12-31,WORST,2032-09-20,13507.125,99257.319,112764.374
259,GNMA,2021-12-31,WORST,2032-10-15,382.558,2214.302,2596.855
260,GNMA,2021-12-31,WORST,2032-10-20,13287.519,89010.976,102298.497
261,GNMA,2021-12-31,WORST,2032-11-15,375.983,2106.909,2482.892
262,GNMA,2021-12-31,WORST,2032-11-20,13089.308,83536.426,96625.798
263,GNMA,2021-12-31,WORST,2032-12-15,369.726,2069.268,2438.995
264,GNMA,2021-12-31,WORST,2032-12-20,12903.263,82568.977,95472.313
265,GNMA,2021-12-31,WORST,2033-01-15,363.59,2154.531,2518.119
266,GNMA,2021-12-31,WORST,2033-01-20,12719.785,87142.392,99862.246
267,GNMA,2021-12-31,WORST,2033-02-15,357.203,1874.071,2231.271
268,GNMA,2021-12-31,WORST,2033-02-20,12526.21,71567.203,84093.438
269,GNMA,2021-12-31,WORST,2033-03-15,351.628,1869.678,2221.306
270,GNMA,2021-12-31,WORST,2033-03-20,12366.285,72444.631,84810.933
271,GNMA,2021-12-31,WORST,2033-04-15,346.068,2014.256,2360.328
272,GNMA,2021-12-31,WORST,2033-04-20,12204.926,81806.088,94010.998
273,GNMA,2021-12-31,WORST,2033-05-15,340.095,1957.184,2297.278
274,GNMA,2021-12-31,WORST,2033-05-20,12023.512,80313.994,92337.409
275,GNMA,2021-12-31,WORST,2033-06-15,334.292,2028.106,2362.399
276,GNMA,2021-12-31,WORST,2033-06-20,11845.928,85021.565,96867.513
277,GNMA,2021-12-31,WORST,2033-07-15,328.287,2088.064,2416.351
278,GNMA,2021-12-31,WORST,2033-07-20,11658.541,88460.015,100118.64
279,GNMA,2021-12-31,WORST,2033-08-15,322.113,1943.98,2266.091
280,GNMA,2021-12-31,WORST,2033-08-20,11463.722,80058.151,91521.906
281,GNMA,2021-12-31,WORST,2033-09-15,316.356,2033.152,2349.505
282,GNMA,2021-12-31,WORST,2033-09-20,11286.961,85949.719,97236.788
283,GNMA,2021-12-31,WORST,2033-10-15,310.345,1864.975,2175.316
284,GNMA,2021-12-31,WORST,2033-10-20,11097.819,75020.872,86118.631
285,GNMA,2021-12-31,WORST,2033-11-15,304.809,1779.46,2084.274
286,GNMA,2021-12-31,WORST,2033-11-20,10931.431,70556.618,81487.998
287,GNMA,2021-12-31,WORST,2033-12-15,299.532,1748.348,2047.879
288,GNMA,2021-12-31,WORST,2033-12-20,10774.895,69791.484,80566.375
289,GNMA,2021-12-31,WORST,2034-01-15,294.345,1780.602,2074.949
290,GNMA,2021-12-31,WORST,2034-01-20,10620.382,71565.228,82185.586
291,GNMA,2021-12-31,WORST,2034-02-15,289.066,1619.593,1908.66
292,GNMA,2021-12-31,WORST,2034-02-20,10461.929,62378.111,72839.995
293,GNMA,2021-12-31,WORST,2034-03-15,284.254,1587.71,1871.965
294,GNMA,2021-12-31,WORST,2034-03-20,10323.147,61515.917,71839.089
295,GNMA,2021-12-31,WORST,2034-04-15,279.541,1698.119,1977.659
296,GNMA,2021-12-31,WORST,2034-04-20,10186.628,69121.613,79308.236
297,GNMA,2021-12-31,WORST,2034-05-15,274.506,1619.852,1894.36
298,GNMA,2021-12-31,WORST,2034-05-20,10033.974,65984.534,76018.481
299,GNMA,2021-12-31,WORST,2034-06-15,269.706,1739.821,2009.527
300,GNMA,2021-12-31,WORST,2034-06-20,9888.533,73915.909,83804.434
301,GNMA,2021-12-31,WORST,2034-07-15,264.563,1747.193,2011.756
302,GNMA,2021-12-31,WORST,2034-07-20,9726.312,74529.13,84255.485
303,GNMA,2021-12-31,WORST,2034-08-15,259.407,1631.179,1890.584
304,GNMA,2021-12-31,WORST,2034-08-20,9562.869,67648.195,77211.129
305,GNMA,2021-12-31,WORST,2034-09-15,254.59,1669.741,1924.331
306,GNMA,2021-12-31,WORST,2034-09-20,9414.081,72439.142,81853.212
307,GNMA,2021-12-31,WORST,2034-10-15,249.729,1508.994,1758.724
308,GNMA,2021-12-31,WORST,2034-10-20,9255.213,61695.252,70950.469
309,GNMA,2021-12-31,WORST,2034-11-15,245.321,1498.95,1744.271
310,GNMA,2021-12-31,WORST,2034-11-20,9118.774,61497.707,70616.52
311,GNMA,2021-12-31,WORST,2034-12-15,240.947,1472.889,1713.836
312,GNMA,2021-12-31,WORST,2034-12-20,8982.953,60720.466,69703.407
313,GNMA,2021-12-31,WORST,2035-01-15,236.649,1420.099,1656.747
314,GNMA,2021-12-31,WORST,2035-01-20,8849.075,57343.607,66192.818
315,GNMA,2021-12-31,WORST,2035-02-15,232.506,1345.522,1578.027
316,GNMA,2021-12-31,WORST,2035-02-20,8722.307,52992.229,61714.649
317,GNMA,2021-12-31,WORST,2035-03-15,228.575,1320.248,1548.824
318,GNMA,2021-12-31,WORST,2035-03-20,8604.793,52301.988,60906.869
319,GNMA,2021-12-31,WORST,2035-04-15,224.717,1381.172,1605.889
320,GNMA,2021-12-31,WORST,2035-04-20,8489.195,57016.476,65505.607
321,GNMA,2021-12-31,WORST,2035-05-15,220.687,1367.763,1588.452
322,GNMA,2021-12-31,WORST,2035-05-20,8363.511,57513.141,65876.674
323,GNMA,2021-12-31,WORST,2035-06-15,216.698,1435.207,1651.907
324,GNMA,2021-12-31,WORST,2035-06-20,8237.25,62366.697,70603.912
325,GNMA,2021-12-31,WORST,2035-07-15,212.518,1414.229,1626.746
326,GNMA,2021-12-31,WORST,2035-07-20,8100.92,61077.346,69178.278
327,GNMA,2021-12-31,WORST,2035-08-15,208.396,1379.418,1587.81
328,GNMA,2021-12-31,WORST,2035-08-20,7967.299,58903.873,66871.114
329,GNMA,2021-12-31,WORST,2035-09-15,204.374,1404.244,1608.619
330,GNMA,2021-12-31,WORST,2035-09-20,7838.204,61097.289,68935.563
331,GNMA,2021-12-31,WORST,2035-10-15,200.285,1256.49,1456.772
332,GNMA,2021-12-31,WORST,2035-10-20,7704.619,50860.672,58565.299
333,GNMA,2021-12-31,WORST,2035-11-15,196.611,1291.148,1487.762
334,GNMA,2021-12-31,WORST,2035-11-20,7592.465,53491.463,61083.921
335,GNMA,2021-12-31,WORST,2035-12-15,192.843,1248.528,1441.37
336,GNMA,2021-12-31,WORST,2035-12-20,7474.726,51587.653,59062.318
337,GNMA,2021-12-31,WORST,2036-01-15,189.199,1206.534,1395.733
338,GNMA,2021-12-31,WORST,2036-01-20,7361.371,48807.115,56168.517
339,GNMA,2021-12-31,WORST,2036-02-15,185.675,1147.735,1333.411
340,GNMA,2021-12-31,WORST,2036-02-20,7253.818,45242.426,52496.243
341,GNMA,2021-12-31,WORST,2036-03-15,182.318,1144.055,1326.373
342,GNMA,2021-12-31,WORST,2036-03-20,7153.745,45821.658,52975.341
343,GNMA,2021-12-31,WORST,2036-04-15,178.978,1154.149,1333.127
344,GNMA,2021-12-31,WORST,2036-04-20,7052.78,47292.882,54345.706
345,GNMA,2021-12-31,WORST,2036-05-15,175.607,1178.966,1354.573
346,GNMA,2021-12-31,WORST,2036-05-20,6948.832,50166.267,57115.119
347,GNMA,2021-12-31,WORST,2036-06-15,172.164,1189.331,1361.495
348,GNMA,2021-12-31,WORST,2036-06-20,6839.063,51386.668,58225.828
349,GNMA,2021-12-31,WORST,2036-07-15,168.7,1192.637,1361.33
350,GNMA,2021-12-31,WORST,2036-07-20,6726.988,51745.588,58472.557
351,GNMA,2021-12-31,WORST,2036-08-15,165.219,1184.015,1349.234
352,GNMA,2021-12-31,WORST,2036-08-20,6614.068,51300.456,57914.508
353,GNMA,2021-12-31,WORST,2036-09-15,161.769,1143.487,1305.255
354,GNMA,2021-12-31,WORST,2036-09-20,6502.112,49050.317,55552.434
355,GNMA,2021-12-31,WORST,2036-10-15,158.432,1101.761,1260.194
356,GNMA,2021-12-31,WORST,2036-10-20,6395.079,45676.857,52071.929
357,GNMA,2021-12-31,WORST,2036-11-15,155.212,1091.922,1247.131
358,GNMA,2021-12-31,WORST,2036-11-20,6294.776,45442.87,51737.624
359,GNMA,2021-12-31,WORST,2036-12-15,152.024,1012.291,1164.317
360,GNMA,2021-12-31,WORST,2036-12-20,6195.043,40649.727,46844.747
361,GNMA,2021-12-31,WORST,2037-01-15,149.065,1053.357,1202.422
362,GNMA,2021-12-31,WORST,2037-01-20,6105.748,43711.723,49817.438
363,GNMA,2021-12-31,WORST,2037-02-15,145.992,966.024,1112.016
364,GNMA,2021-12-31,WORST,2037-02-20,6009.847,37824.683,43834.555
365,GNMA,2021-12-31,WORST,2037-03-15,143.166,961.332,1104.498
366,GNMA,2021-12-31,WORST,2037-03-20,5926.488,38228.883,44155.323
367,GNMA,2021-12-31,WORST,2037-04-15,140.357,993.239,1133.599
368,GNMA,2021-12-31,WORST,2037-04-20,5842.502,41276.572,47119.029
369,GNMA,2021-12-31,WORST,2037-05-15,137.459,996.835,1134.294
370,GNMA,2021-12-31,WORST,2037-05-20,5752.217,42626.197,48378.434
371,GNMA,2021-12-31,WORST,2037-06-15,134.551,987.533,1122.085
372,GNMA,2021-12-31,WORST,2037-06-20,5659.363,42457.153,48116.544
373,GNMA,2021-12-31,WORST,2037-07-15,131.67,1019.417,1151.085
374,GNMA,2021-12-31,WORST,2037-07-20,5566.999,45038.021,50604.989
375,GNMA,2021-12-31,WORST,2037-08-15,128.701,1009.717,1138.418
376,GNMA,2021-12-31,WORST,2037-08-20,5469.195,44563.11,50032.31
377,GNMA,2021-12-31,WORST,2037-09-15,125.756,962.739,1088.501
378,GNMA,2021-12-31,WORST,2037-09-20,5372.461,41619.53,46991.99
379,GNMA,2021-12-31,WORST,2037-10-15,122.95,929.755,1052.705
380,GNMA,2021-12-31,WORST,2037-10-20,5281.916,38842.748,44124.728
381,GNMA,2021-12-31,WORST,2037-11-15,120.233,909.304,1029.536
382,GNMA,2021-12-31,WORST,2037-11-20,5196.996,37755.978,42952.979
383,GNMA,2021-12-31,WORST,2037-12-15,117.58,871.986,989.567
384,GNMA,2021-12-31,WORST,2037-12-20,5114.388,35652.872,40767.196
385,GNMA,2021-12-31,WORST,2038-01-15,115.032,888.188,1003.22
386,GNMA,2021-12-31,WORST,2038-01-20,5036.381,37189.926,42226.333
387,GNMA,2021-12-31,WORST,2038-02-15,112.44,812.617,925.059
388,GNMA,2021-12-31,WORST,2038-02-20,4955.184,31783.543,36738.748
389,GNMA,2021-12-31,WORST,2038-03-15,110.063,816.302,926.366
390,GNMA,2021-12-31,WORST,2038-03-20,4885.202,32790.992,37676.261
391,GNMA,2021-12-31,WORST,2038-04-15,107.681,846.791,954.473
392,GNMA,2021-12-31,WORST,2038-04-20,4813.378,35981.699,40795.086
393,GNMA,2021-12-31,WORST,2038-05-15,105.212,836.893,942.105
394,GNMA,2021-12-31,WORST,2038-05-20,4734.917,36274.847,41009.747
395,GNMA,2021-12-31,WORST,2038-06-15,102.774,828.476,931.249
396,GNMA,2021-12-31,WORST,2038-06-20,4656.14,36110.525,40766.671
397,GNMA,2021-12-31,WORST,2038-07-15,100.361,850.125,950.489
398,GNMA,2021-12-31,WORST,2038-07-20,4577.781,38156.67,42734.497
399,GNMA,2021-12-31,WORST,2038-08-15,97.887,828.647,926.537
400,GNMA,2021-12-31,WORST,2038-08-20,4495.135,36868.071,41363.244
401,GNMA,2021-12-31,WORST,2038-09-15,95.477,813.861,909.338
402,GNMA,2021-12-31,WORST,2038-09-20,4415.253,36228.033,40643.249
403,GNMA,2021-12-31,WORST,2038-10-15,93.108,772.777,865.884
404,GNMA,2021-12-31,WORST,2038-10-20,4336.81,33082.011,37418.811
405,GNMA,2021-12-31,WORST,2038-11-15,90.859,747.962,838.826
406,GNMA,2021-12-31,WORST,2038-11-20,4264.626,31488.096,35752.734
407,GNMA,2021-12-31,WORST,2038-12-15,88.682,727.241,815.922
408,GNMA,2021-12-31,WORST,2038-12-20,4195.832,31210.679,35406.532
409,GNMA,2021-12-31,WORST,2039-01-15,86.581,738.351,824.929
410,GNMA,2021-12-31,WORST,2039-01-20,4127.791,32371.3,36499.07
411,GNMA,2021-12-31,WORST,2039-02-15,84.441,680.978,765.422
412,GNMA,2021-12-31,WORST,2039-02-20,4057.27,27893.741,31950.98
413,GNMA,2021-12-31,WORST,2039-03-15,82.472,676.507,758.979
414,GNMA,2021-12-31,WORST,2039-03-20,3996.015,28137.47,32133.576
415,GNMA,2021-12-31,WORST,2039-04-15,80.512,697.79,778.302
416,GNMA,2021-12-31,WORST,2039-04-20,3934.429,30652.718,34587.216
417,GNMA,2021-12-31,WORST,2039-05-15,78.495,683.002,761.494
418,GNMA,2021-12-31,WORST,2039-05-20,3867.79,30204.901,34072.678
419,GNMA,2021-12-31,WORST,2039-06-15,76.519,690.804,767.322
420,GNMA,2021-12-31,WORST,2039-06-20,3802.175,31459.859,35262.053
421,GNMA,2021-12-31,WORST,2039-07-15,74.523,696.468,770.992
422,GNMA,2021-12-31,WORST,2039-07-20,3734.119,32313.683,36047.732
423,GNMA,2021-12-31,WORST,2039-08-15,72.511,665.403,737.913
424,GNMA,2021-12-31,WORST,2039-08-20,3664.175,29861.385,33525.602
425,GNMA,2021-12-31,WORST,2039-09-15,70.585,676.139,746.725
426,GNMA,2021-12-31,WORST,2039-09-20,3599.492,31421.865,35021.336
427,GNMA,2021-12-31,WORST,2039-10-15,68.631,640.43,709.062
428,GNMA,2021-12-31,WORST,2039-10-20,3531.518,28182.131,31713.613
429,GNMA,2021-12-31,WORST,2039-11-15,66.776,621.325,688.102
430,GNMA,2021-12-31,WORST,2039-11-20,3470.095,26896.287,30366.349
431,GNMA,2021-12-31,WORST,2039-12-15,64.979,610.487,675.466
432,GNMA,2021-12-31,WORST,2039-12-20,3411.378,26658.643,30070.02
433,GNMA,2021-12-31,WORST,2040-01-15,63.214,610.473,673.683
434,GNMA,2021-12-31,WORST,2040-01-20,3353.291,27023.448,30376.699
435,GNMA,2021-12-31,WORST,2040-02-15,61.446,578.316,639.763
436,GNMA,2021-12-31,WORST,2040-02-20,3294.434,24409.521,27703.94
437,GNMA,2021-12-31,WORST,2040-03-15,59.773,573.056,632.829
438,GNMA,2021-12-31,WORST,2040-03-20,3240.979,24615.673,27856.67
439,GNMA,2021-12-31,WORST,2040-04-15,58.118,575.976,634.093
440,GNMA,2021-12-31,WORST,2040-04-20,3187.231,25610.699,28797.961
441,GNMA,2021-12-31,WORST,2040-05-15,56.45,568.219,624.671
442,GNMA,2021-12-31,WORST,2040-05-20,3131.42,25721.004,28852.436
443,GNMA,2021-12-31,WORST,2040-06-15,54.806,576.934,631.742
444,GNMA,2021-12-31,WORST,2040-06-20,3075.641,27257.047,30332.638
445,GNMA,2021-12-31,WORST,2040-07-15,53.141,566.634,619.774
446,GNMA,2021-12-31,WORST,2040-07-20,3016.734,26724.023,29740.795
447,GNMA,2021-12-31,WORST,2040-08-15,51.503,553.712,605.214
448,GNMA,2021-12-31,WORST,2040-08-20,2958.985,25902.343,28861.339
449,GNMA,2021-12-31,WORST,2040-09-15,49.904,551.702,601.606
450,GNMA,2021-12-31,WORST,2040-09-20,2902.869,26540.225,29443.08
451,GNMA,2021-12-31,WORST,2040-10-15,48.308,516.121,564.426
452,GNMA,2021-12-31,WORST,2040-10-20,2845.61,23024.014,25869.565
453,GNMA,2021-12-31,WORST,2040-11-15,46.812,517.571,564.383
454,GNMA,2021-12-31,WORST,2040-11-20,2795.352,23813.817,26609.185
455,GNMA,2021-12-31,WORST,2040-12-15,45.311,503.895,549.206
456,GNMA,2021-12-31,WORST,2040-12-20,2743.56,23148.153,25891.713
457,GNMA,2021-12-31,WORST,2041-01-15,43.855,489.84,533.689
458,GNMA,2021-12-31,WORST,2041-01-20,2693.264,22145.492,24838.815
459,GNMA,2021-12-31,WORST,2041-02-15,42.432,470.353,512.784
460,GNMA,2021-12-31,WORST,2041-02-20,2644.995,20903.595,23548.568
461,GNMA,2021-12-31,WORST,2041-03-15,41.069,461.862,502.932
462,GNMA,2021-12-31,WORST,2041-03-20,2599.245,20680.028,23279.259
463,GNMA,2021-12-31,WORST,2041-04-15,39.727,461.397,501.128
464,GNMA,2021-12-31,WORST,2041-04-20,2554.083,21417.054,23971.124
465,GNMA,2021-12-31,WORST,2041-05-15,38.391,460.787,499.177
466,GNMA,2021-12-31,WORST,2041-05-20,2507.518,22214.847,24722.281
467,GNMA,2021-12-31,WORST,2041-06-15,37.057,460.466,497.521
468,GNMA,2021-12-31,WORST,2041-06-20,2459.488,22965.571,25424.966
469,GNMA,2021-12-31,WORST,2041-07-15,35.72,446.886,482.61
470,GNMA,2021-12-31,WORST,2041-07-20,2409.939,22062.97,24472.93
471,GNMA,2021-12-31,WORST,2041-08-15,34.426,441.719,476.14
472,GNMA,2021-12-31,WORST,2041-08-20,2362.245,22273.358,24635.656
473,GNMA,2021-12-31,WORST,2041-09-15,33.144,433.011,466.155
474,GNMA,2021-12-31,WORST,2041-09-20,2314.217,21889.738,24204.043
475,GNMA,2021-12-31,WORST,2041-10-15,31.886,411.999,443.887
476,GNMA,2021-12-31,WORST,2041-10-20,2266.993,19880.417,22147.453
477,GNMA,2021-12-31,WORST,2041-11-15,30.689,403.909,434.597
478,GNMA,2021-12-31,WORST,2041-11-20,2223.828,20029.312,22253.132
479,GNMA,2021-12-31,WORST,2041-12-15,29.512,381.764,411.276
480,GNMA,2021-12-31,WORST,2041-12-20,2180.451,18823.243,21003.808
481,GNMA,2021-12-31,WORST,2042-01-15,28.398,360.669,389.068
482,GNMA,2021-12-31,WORST,2042-01-20,2139.638,19009.812,21149.514
483,GNMA,2021-12-31,WORST,2042-02-15,27.345,342.951,370.293
484,GNMA,2021-12-31,WORST,2042-02-20,2098.506,17714.787,19813.255
485,GNMA,2021-12-31,WORST,2042-03-15,26.336,332.704,359.04
486,GNMA,2021-12-31,WORST,2042-03-20,2059.899,17530.973,19590.868
487,GNMA,2021-12-31,WORST,2042-04-15,25.356,329.499,354.855
488,GNMA,2021-12-31,WORST,2042-04-20,2021.819,18078.859,20100.693
489,GNMA,2021-12-31,WORST,2042-05-15,24.388,268.288,292.676
490,GNMA,2021-12-31,WORST,2042-05-20,1982.637,18714.747,20697.354
491,GNMA,2021-12-31,WORST,2042-06-15,23.57,267.757,291.328
492,GNMA,2021-12-31,WORST,2042-06-20,1942.279,18927.865,20870.142
493,GNMA,2021-12-31,WORST,2042-07-15,22.76,265.909,288.668
494,GNMA,2021-12-31,WORST,2042-07-20,1901.549,18912.812,20814.329
495,GNMA,2021-12-31,WORST,2042-08-15,21.951,262.671,284.626
496,GNMA,2021-12-31,WORST,2042-08-20,1860.932,18701.192,20562.15
497,GNMA,2021-12-31,WORST,2042-09-15,21.155,256.451,277.606
498,GNMA,2021-12-31,WORST,2042-09-20,1820.666,18074.5,19895.119
499,GNMA,2021-12-31,WORST,2042-10-15,20.375,248.799,269.175
500,GNMA,2021-12-31,WORST,2042-10-20,1781.764,17108.479,18890.27
501,GNMA,2021-12-31,WORST,2042-11-15,19.619,246.01,265.629
502,GNMA,2021-12-31,WORST,2042-11-20,1744.709,16963.271,18707.961
503,GNMA,2021-12-31,WORST,2042-12-15,18.869,236.181,255.049
504,GNMA,2021-12-31,WORST,2042-12-20,1708.044,15779.045,17487.09
505,GNMA,2021-12-31,WORST,2043-01-15,18.15,238.154,256.303
506,GNMA,2021-12-31,WORST,2043-01-20,1673.86,16404.401,18078.301
507,GNMA,2021-12-31,WORST,2043-02-15,17.423,227.442,244.864
508,GNMA,2021-12-31,WORST,2043-02-20,1638.415,14964.185,16602.5
509,GNMA,2021-12-31,WORST,2043-03-15,16.73,225.482,242.21
510,GNMA,2021-12-31,WORST,2043-03-20,1605.821,15004.925,16610.674
511,GNMA,2021-12-31,WORST,2043-04-15,16.04,226.533,242.572
512,GNMA,2021-12-31,WORST,2043-04-20,1573.261,15610.065,17183.251
513,GNMA,2021-12-31,WORST,2043-05-15,15.352,224.697,240.045
514,GNMA,2021-12-31,WORST,2043-05-20,1539.539,15843.147,17382.679
515,GNMA,2021-12-31,WORST,2043-06-15,14.669,221.498,236.167
516,GNMA,2021-12-31,WORST,2043-06-20,1505.348,15716.357,17221.731
517,GNMA,2021-12-31,WORST,2043-07-15,13.997,221.588,235.585
518,GNMA,2021-12-31,WORST,2043-07-20,1471.586,16184.405,17655.995
519,GNMA,2021-12-31,WORST,2043-08-15,13.325,217.719,231.044
520,GNMA,2021-12-31,WORST,2043-08-20,1436.888,15973.06,17409.96
521,GNMA,2021-12-31,WORST,2043-09-15,12.663,210.932,223.595
522,GNMA,2021-12-31,WORST,2043-09-20,1402.646,15226.017,16628.657
523,GNMA,2021-12-31,WORST,2043-10-15,12.023,204.308,216.332
524,GNMA,2021-12-31,WORST,2043-10-20,1369.935,14485.964,15855.845
525,GNMA,2021-12-31,WORST,2043-11-15,11.402,199.891,211.294
526,GNMA,2021-12-31,WORST,2043-11-20,1338.64,14166.992,15505.574
527,GNMA,2021-12-31,WORST,2043-12-15,10.795,194.434,205.229
528,GNMA,2021-12-31,WORST,2043-12-20,1308.015,13607.222,14915.291
529,GNMA,2021-12-31,WORST,2044-01-15,10.205,192.622,202.827
530,GNMA,2021-12-31,WORST,2044-01-20,1278.716,13849.612,15128.363
531,GNMA,2021-12-31,WORST,2044-02-15,9.619,183.74,193.36
532,GNMA,2021-12-31,WORST,2044-02-20,1248.861,12604.738,13853.57
533,GNMA,2021-12-31,WORST,2044-03-15,9.062,182.138,191.196
534,GNMA,2021-12-31,WORST,2044-03-20,1221.518,12911.187,14132.732
535,GNMA,2021-12-31,WORST,2044-04-15,8.506,180.755,189.261
536,GNMA,2021-12-31,WORST,2044-04-20,1193.687,13327.334,14520.975
537,GNMA,2021-12-31,WORST,2044-05-15,7.962,176.86,184.818
538,GNMA,2021-12-31,WORST,2044-05-20,1165.08,13130.386,14295.389
539,GNMA,2021-12-31,WORST,2044-06-15,7.424,174.913,182.335
540,GNMA,2021-12-31,WORST,2044-06-20,1136.824,13374.424,14511.276
541,GNMA,2021-12-31,WORST,2044-07-15,6.894,171.952,178.851
542,GNMA,2021-12-31,WORST,2044-07-20,1108.205,13499.031,14607.158
543,GNMA,2021-12-31,WORST,2044-08-15,6.376,164.501,170.877
544,GNMA,2021-12-31,WORST,2044-08-20,1079.391,12766.433,13845.85
545,GNMA,2021-12-31,WORST,2044-09-15,5.88,159.516,165.397
546,GNMA,2021-12-31,WORST,2044-09-20,1052.008,13065.691,14117.742
547,GNMA,2021-12-31,WORST,2044-10-15,5.4,147.975,153.375
548,GNMA,2021-12-31,WORST,2044-10-20,1024.174,12122.123,13146.263
549,GNMA,2021-12-31,WORST,2044-11-15,4.956,136.142,141.097
550,GNMA,2021-12-31,WORST,2044-11-20,998.101,11720.466,12718.517
551,GNMA,2021-12-31,WORST,2044-12-15,4.548,60.985,65.534
552,GNMA,2021-12-31,WORST,2044-12-20,972.936,11576.831,12549.775
553,GNMA,2021-12-31,WORST,2045-01-15,4.388,60.444,64.833
554,GNMA,2021-12-31,WORST,2045-01-20,948.096,11508.605,12456.624
555,GNMA,2021-12-31,WORST,2045-02-15,4.231,57.347,61.579
556,GNMA,2021-12-31,WORST,2045-02-20,923.428,10771.551,11694.982
557,GNMA,2021-12-31,WORST,2045-03-15,4.082,56.34,60.423
558,GNMA,2021-12-31,WORST,2045-03-20,900.303,10598.438,11498.78
559,GNMA,2021-12-31,WORST,2045-04-15,3.934,56.881,60.818
560,GNMA,2021-12-31,WORST,2045-04-20,877.545,10950.583,11828.129
561,GNMA,2021-12-31,WORST,2045-05-15,3.787,55.011,58.798
562,GNMA,2021-12-31,WORST,2045-05-20,854.267,10653.682,11507.926
563,GNMA,2021-12-31,WORST,2045-06-15,3.645,55.94,59.585
564,GNMA,2021-12-31,WORST,2045-06-20,831.512,10990.171,11821.673
565,GNMA,2021-12-31,WORST,2045-07-15,3.499,55.083,58.583
566,GNMA,2021-12-31,WORST,2045-07-20,808.274,10906.067,11714.369
567,GNMA,2021-12-31,WORST,2045-08-15,3.357,52.675,56.032
568,GNMA,2021-12-31,WORST,2045-08-20,785.246,10353.917,11139.165
569,GNMA,2021-12-31,WORST,2045-09-15,3.222,47.015,50.236
570,GNMA,2021-12-31,WORST,2045-09-20,763.249,10517.743,11281.007
571,GNMA,2021-12-31,WORST,2045-10-15,3.101,43.938,47.041
572,GNMA,2021-12-31,WORST,2045-10-20,741.051,9693.01,10434.069
573,GNMA,2021-12-31,WORST,2045-11-15,2.99,43.374,46.363
574,GNMA,2021-12-31,WORST,2045-11-20,720.459,9570.452,10290.933
575,GNMA,2021-12-31,WORST,2045-12-15,2.879,42.806,45.686
576,GNMA,2021-12-31,WORST,2045-12-20,700.106,9435.256,10135.397
577,GNMA,2021-12-31,WORST,2046-01-15,2.77,41.497,44.267
578,GNMA,2021-12-31,WORST,2046-01-20,680.217,9072.529,9752.624
579,GNMA,2021-12-31,WORST,2046-02-15,2.665,40.167,42.832
580,GNMA,2021-12-31,WORST,2046-02-20,660.984,8667.436,9328.513
581,GNMA,2021-12-31,WORST,2046-03-15,2.562,39.656,42.219
582,GNMA,2021-12-31,WORST,2046-03-20,642.603,8521.682,9164.273
583,GNMA,2021-12-31,WORST,2046-04-15,2.462,39.829,42.29
584,GNMA,2021-12-31,WORST,2046-04-20,624.603,8663.631,9288.285
585,GNMA,2021-12-31,WORST,2046-05-15,2.36,39.247,41.607
586,GNMA,2021-12-31,WORST,2046-05-20,606.451,8591.359,9197.808
587,GNMA,2021-12-31,WORST,2046-06-15,2.261,38.976,41.235
588,GNMA,2021-12-31,WORST,2046-06-20,588.336,8754.3,9342.644
589,GNMA,2021-12-31,WORST,2046-07-15,2.161,35.366,37.527
590,GNMA,2021-12-31,WORST,2046-07-20,570.069,8555.079,9125.179
591,GNMA,2021-12-31,WORST,2046-08-15,2.071,34.538,36.609
592,GNMA,2021-12-31,WORST,2046-08-20,552.208,8342.698,8894.888
593,GNMA,2021-12-31,WORST,2046-09-15,1.983,34.421,36.404
594,GNMA,2021-12-31,WORST,2046-09-20,534.821,8340.996,8875.852
595,GNMA,2021-12-31,WORST,2046-10-15,1.895,32.366,34.262
596,GNMA,2021-12-31,WORST,2046-10-20,517.46,7705.826,8223.308
597,GNMA,2021-12-31,WORST,2046-11-15,1.813,32.328,34.141
598,GNMA,2021-12-31,WORST,2046-11-20,501.44,7748.167,8249.472
599,GNMA,2021-12-31,WORST,2046-12-15,1.731,31.747,33.478
600,GNMA,2021-12-31,WORST,2046-12-20,485.188,7544.472,8029.716
601,GNMA,2021-12-31,WORST,2047-01-15,1.65,30.92,32.57
602,GNMA,2021-12-31,WORST,2047-01-20,469.563,7291.399,7761.012
603,GNMA,2021-12-31,WORST,2047-02-15,1.571,30.083,31.654
604,GNMA,2021-12-31,WORST,2047-02-20,454.396,7033.152,7487.531
605,GNMA,2021-12-31,WORST,2047-03-15,1.494,29.7,31.194
606,GNMA,2021-12-31,WORST,2047-03-20,439.818,6926.333,7366.053
607,GNMA,2021-12-31,WORST,2047-04-15,1.419,29.583,31.002
608,GNMA,2021-12-31,WORST,2047-04-20,425.435,6882.653,7308.036
609,GNMA,2021-12-31,WORST,2047-05-15,1.343,29.504,30.847
610,GNMA,2021-12-31,WORST,2047-05-20,411.209,6935.995,7347.21
611,GNMA,2021-12-31,WORST,2047-06-15,1.268,29.241,30.51
612,GNMA,2021-12-31,WORST,2047-06-20,397.003,6962.943,7359.933
613,GNMA,2021-12-31,WORST,2047-07-15,1.193,28.341,29.536
614,GNMA,2021-12-31,WORST,2047-07-20,382.717,6770.035,7152.858
615,GNMA,2021-12-31,WORST,2047-08-15,1.123,27.68,28.803
616,GNMA,2021-12-31,WORST,2047-08-20,368.863,6716.051,7085.051
617,GNMA,2021-12-31,WORST,2047-09-15,1.053,26.871,27.922
618,GNMA,2021-12-31,WORST,2047-09-20,355.192,6584.584,6939.675
619,GNMA,2021-12-31,WORST,2047-10-15,0.985,25.7,26.683
620,GNMA,2021-12-31,WORST,2047-10-20,341.759,6249.652,6591.34
621,GNMA,2021-12-31,WORST,2047-11-15,0.919,24.407,25.326
622,GNMA,2021-12-31,WORST,2047-11-20,328.963,6179.298,6508.279
623,GNMA,2021-12-31,WORST,2047-12-15,0.858,23.644,24.501
624,GNMA,2021-12-31,WORST,2047-12-20,316.403,5957.561,6273.955
625,GNMA,2021-12-31,WORST,2048-01-15,0.8,23.12,23.919
626,GNMA,2021-12-31,WORST,2048-01-20,304.364,5908.005,6212.265
627,GNMA,2021-12-31,WORST,2048-02-15,0.741,22.315,23.057
628,GNMA,2021-12-31,WORST,2048-02-20,292.414,5689.605,5981.965
629,GNMA,2021-12-31,WORST,2048-03-15,0.685,21.751,22.437
630,GNMA,2021-12-31,WORST,2048-03-20,280.871,5599.738,5880.613
631,GNMA,2021-12-31,WORST,2048-04-15,0.631,21.313,21.944
632,GNMA,2021-12-31,WORST,2048-04-20,269.554,5610.981,5880.523
633,GNMA,2021-12-31,WORST,2048-05-15,0.578,20.773,21.35
634,GNMA,2021-12-31,WORST,2048-05-20,258.281,5552.86,5811.132
635,GNMA,2021-12-31,WORST,2048-06-15,0.525,20.124,20.649
636,GNMA,2021-12-31,WORST,2048-06-20,247.246,5417.445,5664.699
637,GNMA,2021-12-31,WORST,2048-07-15,0.475,19.568,20.042
638,GNMA,2021-12-31,WORST,2048-07-20,236.465,5419.56,5656.163
639,GNMA,2021-12-31,WORST,2048-08-15,0.426,18.919,19.345
640,GNMA,2021-12-31,WORST,2048-08-20,225.845,5327.524,5553.353
641,GNMA,2021-12-31,WORST,2048-09-15,0.38,18.245,18.624
642,GNMA,2021-12-31,WORST,2048-09-20,215.332,5162.495,5377.834
643,GNMA,2021-12-31,WORST,2048-10-15,0.333,17.551,17.884
644,GNMA,2021-12-31,WORST,2048-10-20,205.145,4986.31,5191.529
645,GNMA,2021-12-31,WORST,2048-11-15,0.29,16.82,17.111
646,GNMA,2021-12-31,WORST,2048-11-20,195.393,4886.669,5081.988
647,GNMA,2021-12-31,WORST,2048-12-15,0.248,15.904,16.152
648,GNMA,2021-12-31,WORST,2048-12-20,185.804,4763.194,4948.977
649,GNMA,2021-12-31,WORST,2049-01-15,0.208,14.954,15.161
650,GNMA,2021-12-31,WORST,2049-01-20,176.424,4728.011,4904.498
651,GNMA,2021-12-31,WORST,2049-02-15,0.17,13.998,14.169
652,GNMA,2021-12-31,WORST,2049-02-20,167.247,4526.08,4693.425
653,GNMA,2021-12-31,WORST,2049-03-15,0.136,13.235,13.37
654,GNMA,2021-12-31,WORST,2049-03-20,158.36,4475.409,4633.767
655,GNMA,2021-12-31,WORST,2049-04-15,0.103,12.104,12.206
656,GNMA,2021-12-31,WORST,2049-04-20,149.68,4470.297,4619.972
657,GNMA,2021-12-31,WORST,2049-05-15,0.073,10.479,10.552
658,GNMA,2021-12-31,WORST,2049-05-20,141.011,4397.855,4538.849
659,GNMA,2021-12-31,WORST,2049-06-15,0.046,5.216,5.262
660,GNMA,2021-12-31,WORST,2049-06-20,132.5,4308.621,4441.143
661,GNMA,2021-12-31,WORST,2049-07-15,0.033,4.923,4.956
662,GNMA,2021-12-31,WORST,2049-07-20,124.145,4245.464,4369.658
663,GNMA,2021-12-31,WORST,2049-08-15,0.021,4.489,4.509
664,GNMA,2021-12-31,WORST,2049-08-20,115.935,4108.909,4224.878
665,GNMA,2021-12-31,WORST,2049-09-15,0.01,3.804,3.813
666,GNMA,2021-12-31,WORST,2049-09-20,108.071,3956.736,4064.764
667,GNMA,2021-12-31,WORST,2049-10-20,100.579,3719.464,3819.931
668,GNMA,2021-12-31,WORST,2049-11-20,93.528,3587.23,3680.709
669,GNMA,2021-12-31,WORST,2049-12-20,86.751,3443.275,3530.179
670,GNMA,2021-12-31,WORST,2050-01-20,80.377,3371.724,3452.148
671,GNMA,2021-12-31,WORST,2050-02-20,74.078,3220.589,3294.614
672,GNMA,2021-12-31,WORST,2050-03-20,68.08,3103.645,3171.764
673,GNMA,2021-12-31,WORST,2050-04-20,62.356,2989.283,3051.571
674,GNMA,2021-12-31,WORST,2050-05-20,56.82,2903.811,2960.627
675,GNMA,2021-12-31,WORST,2050-06-20,51.488,2820.855,2872.378
676,GNMA,2021-12-31,WORST,2050-07-20,46.25,2664.968,2711.22
677,GNMA,2021-12-31,WORST,2050-08-20,41.375,2516.083,2557.456
678,GNMA,2021-12-31,WORST,2050-09-20,36.734,2428.294,2465.019
679,GNMA,2021-12-31,WORST,2050-10-20,32.335,2311.848,2344.238
680,GNMA,2021-12-31,WORST,2050-11-20,28.194,2232.248,2260.411
681,GNMA,2021-12-31,WORST,2050-12-20,24.104,2115.57,2139.681
682,GNMA,2021-12-31,WORST,2051-01-20,20.254,2043.527,2063.836
683,GNMA,2021-12-31,WORST,2051-02-20,16.552,1952.881,1969.431
684,GNMA,2021-12-31,WORST,2051-03-20,13.027,1849.227,1862.223
685,GNMA,2021-12-31,WORST,2051-04-20,9.741,1587.576,1597.317
686,GNMA,2021-12-31,WORST,2051-05-20,6.979,1332.85,1339.749
687,GNMA,2021-12-31,WORST,2051-06-20,4.654,1180.671,1185.325
688,GNMA,2021-12-31,WORST,2051-07-20,2.613,954.754,957.413
689,GNMA,2021-12-31,WORST,2051-08-20,0.984,353.14,354.124
690,GNMA,2021-12-31,WORST,2051-09-20,0.366,233.384,233.796
691,GNMA,2021-12-31,MATURITY,2022-01-06,0.0,168586.658,168586.658
692,GNMA,2021-12-31,MATURITY,2022-01-15,3006.331,19962.923,22969.254
693,GNMA,2021-12-31,MATURITY,2022-01-20,91069.456,780370.366,871439.774
694,GNMA,2021-12-31,MATURITY,2022-02-15,3120.293,16072.418,19192.711
695,GNMA,2021-12-31,MATURITY,2022-02-20,108560.724,713695.861,822256.603
696,GNMA,2021-12-31,MATURITY,2022-03-15,3072.642,15686.753,18759.395
697,GNMA,2021-12-31,MATURITY,2022-03-20,106614.184,666095.228,772709.409
698,GNMA,2021-12-31,MATURITY,2022-04-15,3026.074,18008.343,21034.416
699,GNMA,2021-12-31,MATURITY,2022-04-20,104810.505,785994.631,890805.102
700,GNMA,2021-12-31,MATURITY,2022-05-15,2972.507,17139.236,20111.745
701,GNMA,2021-12-31,MATURITY,2022-05-20,102722.19,792630.03,895352.173
702,GNMA,2021-12-31,MATURITY,2022-06-15,2921.54,18007.112,20928.653
703,GNMA,2021-12-31,MATURITY,2022-06-20,100658.816,868675.742,969334.561
704,GNMA,2021-12-31,MATURITY,2022-07-15,2867.961,18844.344,21712.305
705,GNMA,2021-12-31,MATURITY,2022-07-20,98425.931,889428.425,987854.381
706,GNMA,2021-12-31,MATURITY,2022-08-15,2811.851,16829.765,19641.619
707,GNMA,2021-12-31,MATURITY,2022-08-20,96155.438,802751.659,898907.05
708,GNMA,2021-12-31,MATURITY,2022-09-15,2761.71,18256.701,21018.41
709,GNMA,2021-12-31,MATURITY,2022-09-20,94122.862,861478.066,955600.959
710,GNMA,2021-12-31,MATURITY,2022-10-15,2707.342,15958.408,18665.752
711,GNMA,2021-12-31,MATURITY,2022-10-20,91952.312,746279.202,838231.521
712,GNMA,2021-12-31,MATURITY,2022-11-15,2659.683,14843.057,17502.739
713,GNMA,2021-12-31,MATURITY,2022-11-20,90073.393,687364.472,777437.896
714,GNMA,2021-12-31,MATURITY,2022-12-15,2615.391,14499.738,17115.13
715,GNMA,2021-12-31,MATURITY,2022-12-20,88349.759,672534.304,760884.069
716,GNMA,2021-12-31,MATURITY,2023-01-15,2572.181,15113.638,17685.817
717,GNMA,2021-12-31,MATURITY,2023-01-20,86672.469,695530.73,782203.232
718,GNMA,2021-12-31,MATURITY,2023-02-15,2527.122,12915.873,15442.994
719,GNMA,2021-12-31,MATURITY,2023-02-20,84942.045,594781.917,679723.836
720,GNMA,2021-12-31,MATURITY,2023-03-15,2488.572,12467.085,14955.656
721,GNMA,2021-12-31,MATURITY,2023-03-20,83461.713,567973.139,651434.809
722,GNMA,2021-12-31,MATURITY,2023-04-15,2451.392,14327.791,16779.183
723,GNMA,2021-12-31,MATURITY,2023-04-20,82055.357,650164.522,732219.886
724,GNMA,2021-12-31,MATURITY,2023-05-15,2408.666,13270.242,15678.905
725,GNMA,2021-12-31,MATURITY,2023-05-20,80447.335,596212.135,676659.445
726,GNMA,2021-12-31,MATURITY,2023-06-15,2369.114,15123.981,17493.095
727,GNMA,2021-12-31,MATURITY,2023-06-20,78979.148,676688.479,755667.561
728,GNMA,2021-12-31,MATURITY,2023-07-15,2324.109,15282.642,17606.755
729,GNMA,2021-12-31,MATURITY,2023-07-20,77321.378,681007.52,758328.923
730,GNMA,2021-12-31,MATURITY,2023-08-15,2278.639,13641.493,15920.131
731,GNMA,2021-12-31,MATURITY,2023-08-20,75659.322,605453.534,681112.99
732,GNMA,2021-12-31,MATURITY,2023-09-15,2238.022,14712.645,16950.66
733,GNMA,2021-12-31,MATURITY,2023-09-20,74185.82,655410.202,729596.046
734,GNMA,2021-12-31,MATURITY,2023-10-15,2194.268,12374.29,14568.557
735,GNMA,2021-12-31,MATURITY,2023-10-20,72595.694,544188.342,616784.09
736,GNMA,2021-12-31,MATURITY,2023-11-15,2157.337,12248.236,14405.57
737,GNMA,2021-12-31,MATURITY,2023-11-20,71274.226,537442.091,608716.268
738,GNMA,2021-12-31,MATURITY,2023-12-15,2120.817,11879.442,14000.256
739,GNMA,2021-12-31,MATURITY,2023-12-20,69972.573,521823.288,591795.86
740,GNMA,2021-12-31,MATURITY,2024-01-15,2085.436,11105.126,13190.562
741,GNMA,2021-12-31,MATURITY,2024-01-20,68713.326,483383.288,552096.584
742,GNMA,2021-12-31,MATURITY,2024-02-15,2052.318,10126.428,12178.746
743,GNMA,2021-12-31,MATURITY,2024-02-20,67548.08,439410.208,506958.223
744,GNMA,2021-12-31,MATURITY,2024-03-15,2022.075,10087.215,12109.294
745,GNMA,2021-12-31,MATURITY,2024-03-20,66487.489,438186.913,504674.36
746,GNMA,2021-12-31,MATURITY,2024-04-15,1991.981,10406.058,12398.037
747,GNMA,2021-12-31,MATURITY,2024-04-20,65434.702,453045.749,518480.467
748,GNMA,2021-12-31,MATURITY,2024-05-15,1960.915,10978.236,12939.149
749,GNMA,2021-12-31,MATURITY,2024-05-20,64346.818,480215.366,544562.245
750,GNMA,2021-12-31,MATURITY,2024-06-15,1928.193,11589.084,13517.278
751,GNMA,2021-12-31,MATURITY,2024-06-20,63197.373,507665.81,570863.211
752,GNMA,2021-12-31,MATURITY,2024-07-15,1893.693,10928.72,12822.408
753,GNMA,2021-12-31,MATURITY,2024-07-20,61987.069,475195.759,537182.811
754,GNMA,2021-12-31,MATURITY,2024-08-15,1861.138,11234.16,13095.297
755,GNMA,2021-12-31,MATURITY,2024-08-20,60856.437,488866.697,549723.153
756,GNMA,2021-12-31,MATURITY,2024-09-15,1827.68,10907.379,12735.059
757,GNMA,2021-12-31,MATURITY,2024-09-20,59694.487,473794.365,533488.895
758,GNMA,2021-12-31,MATURITY,2024-10-15,1795.208,9571.092,11366.303
759,GNMA,2021-12-31,MATURITY,2024-10-20,58570.51,408476.076,467046.539
760,GNMA,2021-12-31,MATURITY,2024-11-15,1766.616,9777.982,11544.595
761,GNMA,2021-12-31,MATURITY,2024-11-20,57599.234,417880.848,475480.002
762,GNMA,2021-12-31,MATURITY,2024-12-15,1737.438,8660.911,10398.352
763,GNMA,2021-12-31,MATURITY,2024-12-20,56607.225,366601.177,423208.382
764,GNMA,2021-12-31,MATURITY,2025-01-15,1711.605,8977.383,10688.989
765,GNMA,2021-12-31,MATURITY,2025-01-20,55739.263,380522.64,436261.866
766,GNMA,2021-12-31,MATURITY,2025-02-15,1684.828,7986.297,9671.125
767,GNMA,2021-12-31,MATURITY,2025-02-20,54838.64,334936.478,389775.11
768,GNMA,2021-12-31,MATURITY,2025-03-15,1660.966,7742.353,9403.32
769,GNMA,2021-12-31,MATURITY,2025-03-20,54044.422,324640.743,378685.252
770,GNMA,2021-12-31,MATURITY,2025-04-15,1637.86,8232.994,9870.855
771,GNMA,2021-12-31,MATURITY,2025-04-20,53277.781,348761.618,402039.431
772,GNMA,2021-12-31,MATURITY,2025-05-15,1613.298,8684.145,10297.442
773,GNMA,2021-12-31,MATURITY,2025-05-20,52454.482,372826.678,425281.191
774,GNMA,2021-12-31,MATURITY,2025-06-15,1587.437,8895.639,10483.076
775,GNMA,2021-12-31,MATURITY,2025-06-20,51577.958,382891.829,434469.775
776,GNMA,2021-12-31,MATURITY,2025-07-15,1560.978,9015.54,10576.515
777,GNMA,2021-12-31,MATURITY,2025-07-20,50680.916,387312.282,437993.298
778,GNMA,2021-12-31,MATURITY,2025-08-15,1534.166,8982.086,10516.251
779,GNMA,2021-12-31,MATURITY,2025-08-20,49775.159,384978.119,434753.256
780,GNMA,2021-12-31,MATURITY,2025-09-15,1507.454,8491.282,9998.735
781,GNMA,2021-12-31,MATURITY,2025-09-20,48875.388,362129.941,411005.314
782,GNMA,2021-12-31,MATURITY,2025-10-15,1482.207,8003.741,9485.947
783,GNMA,2021-12-31,MATURITY,2025-10-20,48030.217,335820.412,383850.646
784,GNMA,2021-12-31,MATURITY,2025-11-15,1458.344,7941.308,9399.652
785,GNMA,2021-12-31,MATURITY,2025-11-20,47243.904,333156.39,380400.308
786,GNMA,2021-12-31,MATURITY,2025-12-15,1434.689,6866.382,8301.071
787,GNMA,2021-12-31,MATURITY,2025-12-20,46465.093,283542.067,330007.147
788,GNMA,2021-12-31,MATURITY,2026-01-15,1414.236,7565.428,8979.663
789,GNMA,2021-12-31,MATURITY,2026-01-20,45803.479,315946.579,361750.06
790,GNMA,2021-12-31,MATURITY,2026-02-15,1391.711,6398.328,7790.04
791,GNMA,2021-12-31,MATURITY,2026-02-20,45066.55,260483.625,305550.157
792,GNMA,2021-12-31,MATURITY,2026-03-15,1372.623,6393.337,7765.961
793,GNMA,2021-12-31,MATURITY,2026-03-20,44457.14,261757.316,306214.551
794,GNMA,2021-12-31,MATURITY,2026-04-15,1353.572,6984.292,8337.864
795,GNMA,2021-12-31,MATURITY,2026-04-20,43847.094,291229.789,335076.908
796,GNMA,2021-12-31,MATURITY,2026-05-15,1332.776,7138.977,8471.747
797,GNMA,2021-12-31,MATURITY,2026-05-20,43169.092,302243.344,345412.392
798,GNMA,2021-12-31,MATURITY,2026-06-15,1311.548,7074.108,8385.657
799,GNMA,2021-12-31,MATURITY,2026-06-20,42468.625,299489.823,341958.411
800,GNMA,2021-12-31,MATURITY,2026-07-15,1290.531,7635.133,8925.662
801,GNMA,2021-12-31,MATURITY,2026-07-20,41776.486,325257.514,367033.934
802,GNMA,2021-12-31,MATURITY,2026-08-15,1267.862,7589.066,8856.927
803,GNMA,2021-12-31,MATURITY,2026-08-20,41025.921,322115.808,363141.714
804,GNMA,2021-12-31,MATURITY,2026-09-15,1245.333,6976.418,8221.752
805,GNMA,2021-12-31,MATURITY,2026-09-20,40282.699,293111.181,333393.879
806,GNMA,2021-12-31,MATURITY,2026-10-15,1224.619,6586.067,7810.686
807,GNMA,2021-12-31,MATURITY,2026-10-20,39606.957,270887.875,310494.848
808,GNMA,2021-12-31,MATURITY,2026-11-15,1205.007,6353.234,7558.24
809,GNMA,2021-12-31,MATURITY,2026-11-20,38979.888,260271.484,299251.31
810,GNMA,2021-12-31,MATURITY,2026-12-15,1186.104,5853.347,7039.452
811,GNMA,2021-12-31,MATURITY,2026-12-20,38377.988,238390.131,276768.187
812,GNMA,2021-12-31,MATURITY,2027-01-15,1168.691,6228.782,7397.473
813,GNMA,2021-12-31,MATURITY,2027-01-20,37827.818,255493.474,293321.215
814,GNMA,2021-12-31,MATURITY,2027-02-15,1150.166,5157.476,6307.639
815,GNMA,2021-12-31,MATURITY,2027-02-20,37238.129,203968.439,241206.572
816,GNMA,2021-12-31,MATURITY,2027-03-15,1134.789,5287.768,6422.557
817,GNMA,2021-12-31,MATURITY,2027-03-20,36765.58,212392.865,249158.372
818,GNMA,2021-12-31,MATURITY,2027-04-15,1119.047,5911.257,7030.304
819,GNMA,2021-12-31,MATURITY,2027-04-20,36275.3,244537.47,280812.681
820,GNMA,2021-12-31,MATURITY,2027-05-15,1101.464,5874.0,6975.464
821,GNMA,2021-12-31,MATURITY,2027-05-20,35712.304,246358.393,282070.737
822,GNMA,2021-12-31,MATURITY,2027-06-15,1084.011,5825.63,6909.641
823,GNMA,2021-12-31,MATURITY,2027-06-20,35147.515,244570.911,279718.458
824,GNMA,2021-12-31,MATURITY,2027-07-15,1066.714,6272.792,7339.507
825,GNMA,2021-12-31,MATURITY,2027-07-20,34588.265,265504.038,300092.243
826,GNMA,2021-12-31,MATURITY,2027-08-15,1048.107,6059.855,7107.961
827,GNMA,2021-12-31,MATURITY,2027-08-20,33981.909,254345.674,288327.588
828,GNMA,2021-12-31,MATURITY,2027-09-15,1030.124,5920.003,6950.13
829,GNMA,2021-12-31,MATURITY,2027-09-20,33400.773,248383.988,281784.762
830,GNMA,2021-12-31,MATURITY,2027-10-15,1012.564,5434.484,6447.048
831,GNMA,2021-12-31,MATURITY,2027-10-20,32833.947,221483.296,254317.274
832,GNMA,2021-12-31,MATURITY,2027-11-15,996.395,5099.788,6096.181
833,GNMA,2021-12-31,MATURITY,2027-11-20,32325.835,206053.197,238379.026
834,GNMA,2021-12-31,MATURITY,2027-12-15,981.219,4992.693,5973.916
835,GNMA,2021-12-31,MATURITY,2027-12-20,31853.421,202684.113,234537.498
836,GNMA,2021-12-31,MATURITY,2028-01-15,966.381,5282.136,6248.518
837,GNMA,2021-12-31,MATURITY,2028-01-20,31389.823,216027.021,247416.83
838,GNMA,2021-12-31,MATURITY,2028-02-15,950.684,4401.372,5352.059
839,GNMA,2021-12-31,MATURITY,2028-02-20,30895.759,173156.525,204052.275
840,GNMA,2021-12-31,MATURITY,2028-03-15,937.572,4517.102,5454.672
841,GNMA,2021-12-31,MATURITY,2028-03-20,30497.925,180672.097,211170.011
842,GNMA,2021-12-31,MATURITY,2028-04-15,924.138,4890.024,5814.163
843,GNMA,2021-12-31,MATURITY,2028-04-20,30084.625,200906.108,230990.725
844,GNMA,2021-12-31,MATURITY,2028-05-15,909.603,4593.226,5502.827
845,GNMA,2021-12-31,MATURITY,2028-05-20,29626.12,189573.327,219199.415
846,GNMA,2021-12-31,MATURITY,2028-06-15,895.955,5114.909,6010.864
847,GNMA,2021-12-31,MATURITY,2028-06-20,29195.02,216290.486,245485.495
848,GNMA,2021-12-31,MATURITY,2028-07-15,880.787,5174.539,6055.329
849,GNMA,2021-12-31,MATURITY,2028-07-20,28704.917,218579.74,247284.749
850,GNMA,2021-12-31,MATURITY,2028-08-15,865.449,4724.052,5589.5
851,GNMA,2021-12-31,MATURITY,2028-08-20,28210.107,195591.949,223802.035
852,GNMA,2021-12-31,MATURITY,2028-09-15,851.433,5031.058,5882.49
853,GNMA,2021-12-31,MATURITY,2028-09-20,27766.445,211864.659,239631.122
854,GNMA,2021-12-31,MATURITY,2028-10-15,836.527,4381.625,5218.148
855,GNMA,2021-12-31,MATURITY,2028-10-20,27287.204,176771.282,204058.427
856,GNMA,2021-12-31,MATURITY,2028-11-15,823.492,4356.474,5179.968
857,GNMA,2021-12-31,MATURITY,2028-11-20,26884.649,176157.655,203042.305
858,GNMA,2021-12-31,MATURITY,2028-12-15,810.545,4264.841,5075.389
859,GNMA,2021-12-31,MATURITY,2028-12-20,26484.009,173379.192,199863.176
860,GNMA,2021-12-31,MATURITY,2029-01-15,797.885,4060.192,4858.078
861,GNMA,2021-12-31,MATURITY,2029-01-20,26090.599,162424.758,188515.349
862,GNMA,2021-12-31,MATURITY,2029-02-15,785.82,3769.641,4555.46
863,GNMA,2021-12-31,MATURITY,2029-02-20,25721.33,148152.174,173873.531
864,GNMA,2021-12-31,MATURITY,2029-03-15,774.603,3676.744,4451.346
865,GNMA,2021-12-31,MATURITY,2029-03-20,25383.536,145200.171,170583.768
866,GNMA,2021-12-31,MATURITY,2029-04-15,763.672,3967.396,4731.068
867,GNMA,2021-12-31,MATURITY,2029-04-20,25053.498,161534.536,186588.015
868,GNMA,2021-12-31,MATURITY,2029-05-15,751.883,3935.081,4686.965
869,GNMA,2021-12-31,MATURITY,2029-05-20,24687.378,162857.511,187544.777
870,GNMA,2021-12-31,MATURITY,2029-06-15,740.206,4242.366,4982.575
871,GNMA,2021-12-31,MATURITY,2029-06-20,24319.743,179210.769,203530.523
872,GNMA,2021-12-31,MATURITY,2029-07-15,727.638,4171.439,4899.08
873,GNMA,2021-12-31,MATURITY,2029-07-20,23916.578,175066.336,198982.811
874,GNMA,2021-12-31,MATURITY,2029-08-15,715.281,4042.725,4758.004
875,GNMA,2021-12-31,MATURITY,2029-08-20,23522.69,168073.726,191596.394
876,GNMA,2021-12-31,MATURITY,2029-09-15,703.299,4172.393,4875.691
877,GNMA,2021-12-31,MATURITY,2029-09-20,23144.202,175573.698,198717.808
878,GNMA,2021-12-31,MATURITY,2029-10-15,690.948,3556.754,4247.699
879,GNMA,2021-12-31,MATURITY,2029-10-20,22749.698,141907.777,164657.359
880,GNMA,2021-12-31,MATURITY,2029-11-15,680.369,3726.278,4406.649
881,GNMA,2021-12-31,MATURITY,2029-11-20,22428.329,151047.131,173475.426
882,GNMA,2021-12-31,MATURITY,2029-12-15,669.314,3559.48,4228.792
883,GNMA,2021-12-31,MATURITY,2029-12-20,22087.034,144178.333,166265.45
884,GNMA,2021-12-31,MATURITY,2030-01-15,658.753,3395.769,4054.522
885,GNMA,2021-12-31,MATURITY,2030-01-20,21761.935,135220.003,156982.002
886,GNMA,2021-12-31,MATURITY,2030-02-15,648.667,3162.606,3811.27
887,GNMA,2021-12-31,MATURITY,2030-02-20,21456.485,123525.105,144981.529
888,GNMA,2021-12-31,MATURITY,2030-03-15,639.261,3088.207,3727.467
889,GNMA,2021-12-31,MATURITY,2030-03-20,21176.473,121288.85,142465.398
890,GNMA,2021-12-31,MATURITY,2030-04-15,630.08,3238.35,3868.43
891,GNMA,2021-12-31,MATURITY,2030-04-20,20902.406,130540.783,151443.106
892,GNMA,2021-12-31,MATURITY,2030-05-15,620.463,3374.175,3994.641
893,GNMA,2021-12-31,MATURITY,2030-05-20,20608.142,140183.663,160791.809
894,GNMA,2021-12-31,MATURITY,2030-06-15,610.459,3532.454,4142.91
895,GNMA,2021-12-31,MATURITY,2030-06-20,20293.759,149071.029,169364.804
896,GNMA,2021-12-31,MATURITY,2030-07-15,600.002,3381.759,3981.761
897,GNMA,2021-12-31,MATURITY,2030-07-20,19960.43,140750.674,160711.164
898,GNMA,2021-12-31,MATURITY,2030-08-15,589.984,3461.557,4051.541
899,GNMA,2021-12-31,MATURITY,2030-08-20,19645.584,144608.631,164254.182
900,GNMA,2021-12-31,MATURITY,2030-09-15,579.735,3387.187,3966.923
901,GNMA,2021-12-31,MATURITY,2030-09-20,19322.029,141552.953,160874.939
902,GNMA,2021-12-31,MATURITY,2030-10-15,569.708,3061.022,3630.731
903,GNMA,2021-12-31,MATURITY,2030-10-20,19005.616,122521.225,141526.825
904,GNMA,2021-12-31,MATURITY,2030-11-15,560.615,3115.3,3675.912
905,GNMA,2021-12-31,MATURITY,2030-11-20,18729.96,125916.844,144646.739
906,GNMA,2021-12-31,MATURITY,2030-12-15,551.373,2840.72,3392.095
907,GNMA,2021-12-31,MATURITY,2030-12-20,18447.076,112963.152,131410.276
908,GNMA,2021-12-31,MATURITY,2031-01-15,542.939,2919.588,3462.527
909,GNMA,2021-12-31,MATURITY,2031-01-20,18193.468,116609.239,134802.756
910,GNMA,2021-12-31,MATURITY,2031-02-15,534.277,2664.33,3198.605
911,GNMA,2021-12-31,MATURITY,2031-02-20,17931.639,103424.483,121356.058
912,GNMA,2021-12-31,MATURITY,2031-03-15,526.353,2604.277,3130.631
913,GNMA,2021-12-31,MATURITY,2031-03-20,17698.508,101691.013,119389.507
914,GNMA,2021-12-31,MATURITY,2031-04-15,518.612,2720.591,3239.205
915,GNMA,2021-12-31,MATURITY,2031-04-20,17469.971,109230.948,126700.983
916,GNMA,2021-12-31,MATURITY,2031-05-15,510.534,2825.923,3336.457
917,GNMA,2021-12-31,MATURITY,2031-05-20,17225.165,117154.155,134379.391
918,GNMA,2021-12-31,MATURITY,2031-06-15,502.161,2877.199,3379.356
919,GNMA,2021-12-31,MATURITY,2031-06-20,16963.917,120572.255,137536.185
920,GNMA,2021-12-31,MATURITY,2031-07-15,493.641,2904.64,3398.281
921,GNMA,2021-12-31,MATURITY,2031-07-20,16695.689,121792.534,138488.193
922,GNMA,2021-12-31,MATURITY,2031-08-15,485.041,2891.125,3376.17
923,GNMA,2021-12-31,MATURITY,2031-08-20,16424.809,120806.408,137231.178
924,GNMA,2021-12-31,MATURITY,2031-09-15,476.484,2763.381,3239.869
925,GNMA,2021-12-31,MATURITY,2031-09-20,16156.021,114646.738,130802.737
926,GNMA,2021-12-31,MATURITY,2031-10-15,468.302,2634.111,3102.416
927,GNMA,2021-12-31,MATURITY,2031-10-20,15900.98,105965.736,121866.819
928,GNMA,2021-12-31,MATURITY,2031-11-15,460.484,2613.69,3074.171
929,GNMA,2021-12-31,MATURITY,2031-11-20,15663.929,105423.7,121087.603
930,GNMA,2021-12-31,MATURITY,2031-12-15,452.728,2339.852,2792.578
931,GNMA,2021-12-31,MATURITY,2031-12-20,15428.362,91871.704,107300.073
932,GNMA,2021-12-31,MATURITY,2032-01-15,445.776,2509.751,2955.528
933,GNMA,2021-12-31,MATURITY,2032-01-20,15223.017,100828.847,116051.81
934,GNMA,2021-12-31,MATURITY,2032-02-15,438.332,2208.177,2646.509
935,GNMA,2021-12-31,MATURITY,2032-02-20,14997.85,84686.846,99684.637
936,GNMA,2021-12-31,MATURITY,2032-03-15,431.767,2204.268,2636.037
937,GNMA,2021-12-31,MATURITY,2032-03-20,14807.791,85734.174,100541.975
938,GNMA,2021-12-31,MATURITY,2032-04-15,425.216,2391.61,2816.827
939,GNMA,2021-12-31,MATURITY,2032-04-20,14616.029,97257.357,111873.447
940,GNMA,2021-12-31,MATURITY,2032-05-15,418.123,2373.586,2791.708
941,GNMA,2021-12-31,MATURITY,2032-05-20,14399.45,98299.443,112698.821
942,GNMA,2021-12-31,MATURITY,2032-06-15,411.089,2355.596,2766.686
943,GNMA,2021-12-31,MATURITY,2032-06-20,14181.331,97903.015,112084.339
944,GNMA,2021-12-31,MATURITY,2032-07-15,404.114,2492.713,2896.824
945,GNMA,2021-12-31,MATURITY,2032-07-20,13964.459,105401.687,119366.115
946,GNMA,2021-12-31,MATURITY,2032-08-15,396.736,2421.164,2817.904
947,GNMA,2021-12-31,MATURITY,2032-08-20,13731.309,101284.814,115016.235
948,GNMA,2021-12-31,MATURITY,2032-09-15,389.572,2372.211,2761.783
949,GNMA,2021-12-31,MATURITY,2032-09-20,13507.125,99257.319,112764.374
950,GNMA,2021-12-31,MATURITY,2032-10-15,382.558,2214.302,2596.855
951,GNMA,2021-12-31,MATURITY,2032-10-20,13287.519,89010.976,102298.497
952,GNMA,2021-12-31,MATURITY,2032-11-15,375.983,2106.909,2482.892
953,GNMA,2021-12-31,MATURITY,2032-11-20,13089.308,83536.426,96625.798
954,GNMA,2021-12-31,MATURITY,2032-12-15,369.726,2069.268,2438.995
955,GNMA,2021-12-31,MATURITY,2032-12-20,12903.263,82568.977,95472.313
956,GNMA,2021-12-31,MATURITY,2033-01-15,363.59,2154.531,2518.119
957,GNMA,2021-12-31,MATURITY,2033-01-20,12719.785,87142.392,99862.246
958,GNMA,2021-12-31,MATURITY,2033-02-15,357.203,1874.071,2231.271
959,GNMA,2021-12-31,MATURITY,2033-02-20,12526.21,71567.203,84093.438
960,GNMA,2021-12-31,MATURITY,2033-03-15,351.628,1869.678,2221.306
961,GNMA,2021-12-31,MATURITY,2033-03-20,12366.285,72444.631,84810.933
962,GNMA,2021-12-31,MATURITY,2033-04-15,346.068,2014.256,2360.328
963,GNMA,2021-12-31,MATURITY,2033-04-20,12204.926,81806.088,94010.998
964,GNMA,2021-12-31,MATURITY,2033-05-15,340.095,1957.184,2297.278
965,GNMA,2021-12-31,MATURITY,2033-05-20,12023.512,80313.994,92337.409
966,GNMA,2021-12-31,MATURITY,2033-06-15,334.292,2028.106,2362.399
967,GNMA,2021-12-31,MATURITY,2033-06-20,11845.928,85021.565,96867.513
968,GNMA,2021-12-31,MATURITY,2033-07-15,328.287,2088.064,2416.351
969,GNMA,2021-12-31,MATURITY,2033-07-20,11658.541,88460.015,100118.64
970,GNMA,2021-12-31,MATURITY,2033-08-15,322.113,1943.98,2266.091
971,GNMA,2021-12-31,MATURITY,2033-08-20,11463.722,80058.151,91521.906
972,GNMA,2021-12-31,MATURITY,2033-09-15,316.356,2033.152,2349.505
973,GNMA,2021-12-31,MATURITY,2033-09-20,11286.961,85949.719,97236.788
974,GNMA,2021-12-31,MATURITY,2033-10-15,310.345,1864.975,2175.316
975,GNMA,2021-12-31,MATURITY,2033-10-20,11097.819,75020.872,86118.631
976,GNMA,2021-12-31,MATURITY,2033-11-15,304.809,1779.46,2084.274
977,GNMA,2021-12-31,MATURITY,2033-11-20,10931.431,70556.618,81487.998
978,GNMA,2021-12-31,MATURITY,2033-12-15,299.532,1748.348,2047.879
979,GNMA,2021-12-31,MATURITY,2033-12-20,10774.895,69791.484,80566.375
980,GNMA,2021-12-31,MATURITY,2034-01-15,294.345,1780.602,2074.949
981,GNMA,2021-12-31,MATURITY,2034-01-20,10620.382,71565.228,82185.586
982,GNMA,2021-12-31,MATURITY,2034-02-15,289.066,1619.593,1908.66
983,GNMA,2021-12-31,MATURITY,2034-02-20,10461.929,62378.111,72839.995
984,GNMA,2021-12-31,MATURITY,2034-03-15,284.254,1587.71,1871.965
985,GNMA,2021-12-31,MATURITY,2034-03-20,10323.147,61515.917,71839.089
986,GNMA,2021-12-31,MATURITY,2034-04-15,279.541,1698.119,1977.659
987,GNMA,2021-12-31,MATURITY,2034-04-20,10186.628,69121.613,79308.236
988,GNMA,2021-12-31,MATURITY,2034-05-15,274.506,1619.852,1894.36
989,GNMA,2021-12-31,MATURITY,2034-05-20,10033.974,65984.534,76018.481
990,GNMA,2021-12-31,MATURITY,2034-06-15,269.706,1739.821,2009.527
991,GNMA,2021-12-31,MATURITY,2034-06-20,9888.533,73915.909,83804.434
992,GNMA,2021-12-31,MATURITY,2034-07-15,264.563,1747.193,2011.756
993,GNMA,2021-12-31,MATURITY,2034-07-20,9726.312,74529.13,84255.485
994,GNMA,2021-12-31,MATURITY,2034-08-15,259.407,1631.179,1890.584
995,GNMA,2021-12-31,MATURITY,2034-08-20,9562.869,67648.195,77211.129
996,GNMA,2021-12-31,MATURITY,2034-09-15,254.59,1669.741,1924.331
997,GNMA,2021-12-31,MATURITY,2034-09-20,9414.081,72439.142,81853.212
998,GNMA,2021-12-31,MATURITY,2034-10-15,249.729,1508.994,1758.724
999,GNMA,2021-12-31,MATURITY,2034-10-20,9255.213,61695.252,70950.469
1000,GNMA,2021-12-31,MATURITY,2034-11-15,245.321,1498.95,1744.271
1001,GNMA,2021-12-31,MATURITY,2034-11-20,9118.774,61497.707,70616.52
1002,GNMA,2021-12-31,MATURITY,2034-12-15,240.947,1472.889,1713.836
1003,GNMA,2021-12-31,MATURITY,2034-12-20,8982.953,60720.466,69703.407
1004,GNMA,2021-12-31,MATURITY,2035-01-15,236.649,1420.099,1656.747
1005,GNMA,2021-12-31,MATURITY,2035-01-20,8849.075,57343.607,66192.818
1006,GNMA,2021-12-31,MATURITY,2035-02-15,232.506,1345.522,1578.027
1007,GNMA,2021-12-31,MATURITY,2035-02-20,8722.307,52992.229,61714.649
1008,GNMA,2021-12-31,MATURITY,2035-03-15,228.575,1320.248,1548.824
1009,GNMA,2021-12-31,MATURITY,2035-03-20,8604.793,52301.988,60906.869
1010,GNMA,2021-12-31,MATURITY,2035-04-15,224.717,1381.172,1605.889
1011,GNMA,2021-12-31,MATURITY,2035-04-20,8489.195,57016.476,65505.607
1012,GNMA,2021-12-31,MATURITY,2035-05-15,220.687,1367.763,1588.452
1013,GNMA,2021-12-31,MATURITY,2035-05-20,8363.511,57513.141,65876.674
1014,GNMA,2021-12-31,MATURITY,2035-06-15,216.698,1435.207,1651.907
1015,GNMA,2021-12-31,MATURITY,2035-06-20,8237.25,62366.697,70603.912
1016,GNMA,2021-12-31,MATURITY,2035-07-15,212.518,1414.229,1626.746
1017,GNMA,2021-12-31,MATURITY,2035-07-20,8100.92,61077.346,69178.278
1018,GNMA,2021-12-31,MATURITY,2035-08-15,208.396,1379.418,1587.81
1019,GNMA,2021-12-31,MATURITY,2035-08-20,7967.299,58903.873,66871.114
1020,GNMA,2021-12-31,MATURITY,2035-09-15,204.374,1404.244,1608.619
1021,GNMA,2021-12-31,MATURITY,2035-09-20,7838.204,61097.289,68935.563
1022,GNMA,2021-12-31,MATURITY,2035-10-15,200.285,1256.49,1456.772
1023,GNMA,2021-12-31,MATURITY,2035-10-20,7704.619,50860.672,58565.299
1024,GNMA,2021-12-31,MATURITY,2035-11-15,196.611,1291.148,1487.762
1025,GNMA,2021-12-31,MATURITY,2035-11-20,7592.465,53491.463,61083.921
1026,GNMA,2021-12-31,MATURITY,2035-12-15,192.843,1248.528,1441.37
1027,GNMA,2021-12-31,MATURITY,2035-12-20,7474.726,51587.653,59062.318
1028,GNMA,2021-12-31,MATURITY,2036-01-15,189.199,1206.534,1395.733
1029,GNMA,2021-12-31,MATURITY,2036-01-20,7361.371,48807.115,56168.517
1030,GNMA,2021-12-31,MATURITY,2036-02-15,185.675,1147.735,1333.411
1031,GNMA,2021-12-31,MATURITY,2036-02-20,7253.818,45242.426,52496.243
1032,GNMA,2021-12-31,MATURITY,2036-03-15,182.318,1144.055,1326.373
1033,GNMA,2021-12-31,MATURITY,2036-03-20,7153.745,45821.658,52975.341
1034,GNMA,2021-12-31,MATURITY,2036-04-15,178.978,1154.149,1333.127
1035,GNMA,2021-12-31,MATURITY,2036-04-20,7052.78,47292.882,54345.706
1036,GNMA,2021-12-31,MATURITY,2036-05-15,175.607,1178.966,1354.573
1037,GNMA,2021-12-31,MATURITY,2036-05-20,6948.832,50166.267,57115.119
1038,GNMA,2021-12-31,MATURITY,2036-06-15,172.164,1189.331,1361.495
1039,GNMA,2021-12-31,MATURITY,2036-06-20,6839.063,51386.668,58225.828
1040,GNMA,2021-12-31,MATURITY,2036-07-15,168.7,1192.637,1361.33
1041,GNMA,2021-12-31,MATURITY,2036-07-20,6726.988,51745.588,58472.557
1042,GNMA,2021-12-31,MATURITY,2036-08-15,165.219,1184.015,1349.234
1043,GNMA,2021-12-31,MATURITY,2036-08-20,6614.068,51300.456,57914.508
1044,GNMA,2021-12-31,MATURITY,2036-09-15,161.769,1143.487,1305.255
1045,GNMA,2021-12-31,MATURITY,2036-09-20,6502.112,49050.317,55552.434
1046,GNMA,2021-12-31,MATURITY,2036-10-15,158.432,1101.761,1260.194
1047,GNMA,2021-12-31,MATURITY,2036-10-20,6395.079,45676.857,52071.929
1048,GNMA,2021-12-31,MATURITY,2036-11-15,155.212,1091.922,1247.131
1049,GNMA,2021-12-31,MATURITY,2036-11-20,6294.776,45442.87,51737.624
1050,GNMA,2021-12-31,MATURITY,2036-12-15,152.024,1012.291,1164.317
1051,GNMA,2021-12-31,MATURITY,2036-12-20,6195.043,40649.727,46844.747
1052,GNMA,2021-12-31,MATURITY,2037-01-15,149.065,1053.357,1202.422
1053,GNMA,2021-12-31,MATURITY,2037-01-20,6105.748,43711.723,49817.438
1054,GNMA,2021-12-31,MATURITY,2037-02-15,145.992,966.024,1112.016
1055,GNMA,2021-12-31,MATURITY,2037-02-20,6009.847,37824.683,43834.555
1056,GNMA,2021-12-31,MATURITY,2037-03-15,143.166,961.332,1104.498
1057,GNMA,2021-12-31,MATURITY,2037-03-20,5926.488,38228.883,44155.323
1058,GNMA,2021-12-31,MATURITY,2037-04-15,140.357,993.239,1133.599
1059,GNMA,2021-12-31,MATURITY,2037-04-20,5842.502,41276.572,47119.029
1060,GNMA,2021-12-31,MATURITY,2037-05-15,137.459,996.835,1134.294
1061,GNMA,2021-12-31,MATURITY,2037-05-20,5752.217,42626.197,48378.434
1062,GNMA,2021-12-31,MATURITY,2037-06-15,134.551,987.533,1122.085
1063,GNMA,2021-12-31,MATURITY,2037-06-20,5659.363,42457.153,48116.544
1064,GNMA,2021-12-31,MATURITY,2037-07-15,131.67,1019.417,1151.085
1065,GNMA,2021-12-31,MATURITY,2037-07-20,5566.999,45038.021,50604.989
1066,GNMA,2021-12-31,MATURITY,2037-08-15,128.701,1009.717,1138.418
1067,GNMA,2021-12-31,MATURITY,2037-08-20,5469.195,44563.11,50032.31
1068,GNMA,2021-12-31,MATURITY,2037-09-15,125.756,962.739,1088.501
1069,GNMA,2021-12-31,MATURITY,2037-09-20,5372.461,41619.53,46991.99
1070,GNMA,2021-12-31,MATURITY,2037-10-15,122.95,929.755,1052.705
1071,GNMA,2021-12-31,MATURITY,2037-10-20,5281.916,38842.748,44124.728
1072,GNMA,2021-12-31,MATURITY,2037-11-15,120.233,909.304,1029.536
1073,GNMA,2021-12-31,MATURITY,2037-11-20,5196.996,37755.978,42952.979
1074,GNMA,2021-12-31,MATURITY,2037-12-15,117.58,871.986,989.567
1075,GNMA,2021-12-31,MATURITY,2037-12-20,5114.388,35652.872,40767.196
1076,GNMA,2021-12-31,MATURITY,2038-01-15,115.032,888.188,1003.22
1077,GNMA,2021-12-31,MATURITY,2038-01-20,5036.381,37189.926,42226.333
1078,GNMA,2021-12-31,MATURITY,2038-02-15,112.44,812.617,925.059
1079,GNMA,2021-12-31,MATURITY,2038-02-20,4955.184,31783.543,36738.748
1080,GNMA,2021-12-31,MATURITY,2038-03-15,110.063,816.302,926.366
1081,GNMA,2021-12-31,MATURITY,2038-03-20,4885.202,32790.992,37676.261
1082,GNMA,2021-12-31,MATURITY,2038-04-15,107.681,846.791,954.473
1083,GNMA,2021-12-31,MATURITY,2038-04-20,4813.378,35981.699,40795.086
1084,GNMA,2021-12-31,MATURITY,2038-05-15,105.212,836.893,942.105
1085,GNMA,2021-12-31,MATURITY,2038-05-20,4734.917,36274.847,41009.747
1086,GNMA,2021-12-31,MATURITY,2038-06-15,102.774,828.476,931.249
1087,GNMA,2021-12-31,MATURITY,2038-06-20,4656.14,36110.525,40766.671
1088,GNMA,2021-12-31,MATURITY,2038-07-15,100.361,850.125,950.489
1089,GNMA,2021-12-31,MATURITY,2038-07-20,4577.781,38156.67,42734.497
1090,GNMA,2021-12-31,MATURITY,2038-08-15,97.887,828.647,926.537
1091,GNMA,2021-12-31,MATURITY,2038-08-20,4495.135,36868.071,41363.244
1092,GNMA,2021-12-31,MATURITY,2038-09-15,95.477,813.861,909.338
1093,GNMA,2021-12-31,MATURITY,2038-09-20,4415.253,36228.033,40643.249
1094,GNMA,2021-12-31,MATURITY,2038-10-15,93.108,772.777,865.884
1095,GNMA,2021-12-31,MATURITY,2038-10-20,4336.81,33082.011,37418.811
1096,GNMA,2021-12-31,MATURITY,2038-11-15,90.859,747.962,838.826
1097,GNMA,2021-12-31,MATURITY,2038-11-20,4264.626,31488.096,35752.734
1098,GNMA,2021-12-31,MATURITY,2038-12-15,88.682,727.241,815.922
1099,GNMA,2021-12-31,MATURITY,2038-12-20,4195.832,31210.679,35406.532
1100,GNMA,2021-12-31,MATURITY,2039-01-15,86.581,738.351,824.929
1101,GNMA,2021-12-31,MATURITY,2039-01-20,4127.791,32371.3,36499.07
1102,GNMA,2021-12-31,MATURITY,2039-02-15,84.441,680.978,765.422
1103,GNMA,2021-12-31,MATURITY,2039-02-20,4057.27,27893.741,31950.98
1104,GNMA,2021-12-31,MATURITY,2039-03-15,82.472,676.507,758.979
1105,GNMA,2021-12-31,MATURITY,2039-03-20,3996.015,28137.47,32133.576
1106,GNMA,2021-12-31,MATURITY,2039-04-15,80.512,697.79,778.302
1107,GNMA,2021-12-31,MATURITY,2039-04-20,3934.429,30652.718,34587.216
1108,GNMA,2021-12-31,MATURITY,2039-05-15,78.495,683.002,761.494
1109,GNMA,2021-12-31,MATURITY,2039-05-20,3867.79,30204.901,34072.678
1110,GNMA,2021-12-31,MATURITY,2039-06-15,76.519,690.804,767.322
1111,GNMA,2021-12-31,MATURITY,2039-06-20,3802.175,31459.859,35262.053
1112,GNMA,2021-12-31,MATURITY,2039-07-15,74.523,696.468,770.992
1113,GNMA,2021-12-31,MATURITY,2039-07-20,3734.119,32313.683,36047.732
1114,GNMA,2021-12-31,MATURITY,2039-08-15,72.511,665.403,737.913
1115,GNMA,2021-12-31,MATURITY,2039-08-20,3664.175,29861.385,33525.602
1116,GNMA,2021-12-31,MATURITY,2039-09-15,70.585,676.139,746.725
1117,GNMA,2021-12-31,MATURITY,2039-09-20,3599.492,31421.865,35021.336
1118,GNMA,2021-12-31,MATURITY,2039-10-15,68.631,640.43,709.062
1119,GNMA,2021-12-31,MATURITY,2039-10-20,3531.518,28182.131,31713.613
1120,GNMA,2021-12-31,MATURITY,2039-11-15,66.776,621.325,688.102
1121,GNMA,2021-12-31,MATURITY,2039-11-20,3470.095,26896.287,30366.349
1122,GNMA,2021-12-31,MATURITY,2039-12-15,64.979,610.487,675.466
1123,GNMA,2021-12-31,MATURITY,2039-12-20,3411.378,26658.643,30070.02
1124,GNMA,2021-12-31,MATURITY,2040-01-15,63.214,610.473,673.683
1125,GNMA,2021-12-31,MATURITY,2040-01-20,3353.291,27023.448,30376.699
1126,GNMA,2021-12-31,MATURITY,2040-02-15,61.446,578.316,639.763
1127,GNMA,2021-12-31,MATURITY,2040-02-20,3294.434,24409.521,27703.94
1128,GNMA,2021-12-31,MATURITY,2040-03-15,59.773,573.056,632.829
1129,GNMA,2021-12-31,MATURITY,2040-03-20,3240.979,24615.673,27856.67
1130,GNMA,2021-12-31,MATURITY,2040-04-15,58.118,575.976,634.093
1131,GNMA,2021-12-31,MATURITY,2040-04-20,3187.231,25610.699,28797.961
1132,GNMA,2021-12-31,MATURITY,2040-05-15,56.45,568.219,624.671
1133,GNMA,2021-12-31,MATURITY,2040-05-20,3131.42,25721.004,28852.436
1134,GNMA,2021-12-31,MATURITY,2040-06-15,54.806,576.934,631.742
1135,GNMA,2021-12-31,MATURITY,2040-06-20,3075.641,27257.047,30332.638
1136,GNMA,2021-12-31,MATURITY,2040-07-15,53.141,566.634,619.774
1137,GNMA,2021-12-31,MATURITY,2040-07-20,3016.734,26724.023,29740.795
1138,GNMA,2021-12-31,MATURITY,2040-08-15,51.503,553.712,605.214
1139,GNMA,2021-12-31,MATURITY,2040-08-20,2958.985,25902.343,28861.339
1140,GNMA,2021-12-31,MATURITY,2040-09-15,49.904,551.702,601.606
1141,GNMA,2021-12-31,MATURITY,2040-09-20,2902.869,26540.225,29443.08
1142,GNMA,2021-12-31,MATURITY,2040-10-15,48.308,516.121,564.426
1143,GNMA,2021-12-31,MATURITY,2040-10-20,2845.61,23024.014,25869.565
1144,GNMA,2021-12-31,MATURITY,2040-11-15,46.812,517.571,564.383
1145,GNMA,2021-12-31,MATURITY,2040-11-20,2795.352,23813.817,26609.185
1146,GNMA,2021-12-31,MATURITY,2040-12-15,45.311,503.895,549.206
1147,GNMA,2021-12-31,MATURITY,2040-12-20,2743.56,23148.153,25891.713
1148,GNMA,2021-12-31,MATURITY,2041-01-15,43.855,489.84,533.689
1149,GNMA,2021-12-31,MATURITY,2041-01-20,2693.264,22145.492,24838.815
1150,GNMA,2021-12-31,MATURITY,2041-02-15,42.432,470.353,512.784
1151,GNMA,2021-12-31,MATURITY,2041-02-20,2644.995,20903.595,23548.568
1152,GNMA,2021-12-31,MATURITY,2041-03-15,41.069,461.862,502.932
1153,GNMA,2021-12-31,MATURITY,2041-03-20,2599.245,20680.028,23279.259
1154,GNMA,2021-12-31,MATURITY,2041-04-15,39.727,461.397,501.128
1155,GNMA,2021-12-31,MATURITY,2041-04-20,2554.083,21417.054,23971.124
1156,GNMA,2021-12-31,MATURITY,2041-05-15,38.391,460.787,499.177
1157,GNMA,2021-12-31,MATURITY,2041-05-20,2507.518,22214.847,24722.281
1158,GNMA,2021-12-31,MATURITY,2041-06-15,37.057,460.466,497.521
1159,GNMA,2021-12-31,MATURITY,2041-06-20,2459.488,22965.571,25424.966
1160,GNMA,2021-12-31,MATURITY,2041-07-15,35.72,446.886,482.61
1161,GNMA,2021-12-31,MATURITY,2041-07-20,2409.939,22062.97,24472.93
1162,GNMA,2021-12-31,MATURITY,2041-08-15,34.426,441.719,476.14
1163,GNMA,2021-12-31,MATURITY,2041-08-20,2362.245,22273.358,24635.656
1164,GNMA,2021-12-31,MATURITY,2041-09-15,33.144,433.011,466.155
1165,GNMA,2021-12-31,MATURITY,2041-09-20,2314.217,21889.738,24204.043
1166,GNMA,2021-12-31,MATURITY,2041-10-15,31.886,411.999,443.887
1167,GNMA,2021-12-31,MATURITY,2041-10-20,2266.993,19880.417,22147.453
1168,GNMA,2021-12-31,MATURITY,2041-11-15,30.689,403.909,434.597
1169,GNMA,2021-12-31,MATURITY,2041-11-20,2223.828,20029.312,22253.132
1170,GNMA,2021-12-31,MATURITY,2041-12-15,29.512,381.764,411.276
1171,GNMA,2021-12-31,MATURITY,2041-12-20,2180.451,18823.243,21003.808
1172,GNMA,2021-12-31,MATURITY,2042-01-15,28.398,360.669,389.068
1173,GNMA,2021-12-31,MATURITY,2042-01-20,2139.638,19009.812,21149.514
1174,GNMA,2021-12-31,MATURITY,2042-02-15,27.345,342.951,370.293
1175,GNMA,2021-12-31,MATURITY,2042-02-20,2098.506,17714.787,19813.255
1176,GNMA,2021-12-31,MATURITY,2042-03-15,26.336,332.704,359.04
1177,GNMA,2021-12-31,MATURITY,2042-03-20,2059.899,17530.973,19590.868
1178,GNMA,2021-12-31,MATURITY,2042-04-15,25.356,329.499,354.855
1179,GNMA,2021-12-31,MATURITY,2042-04-20,2021.819,18078.859,20100.693
1180,GNMA,2021-12-31,MATURITY,2042-05-15,24.388,268.288,292.676
1181,GNMA,2021-12-31,MATURITY,2042-05-20,1982.637,18714.747,20697.354
1182,GNMA,2021-12-31,MATURITY,2042-06-15,23.57,267.757,291.328
1183,GNMA,2021-12-31,MATURITY,2042-06-20,1942.279,18927.865,20870.142
1184,GNMA,2021-12-31,MATURITY,2042-07-15,22.76,265.909,288.668
1185,GNMA,2021-12-31,MATURITY,2042-07-20,1901.549,18912.812,20814.329
1186,GNMA,2021-12-31,MATURITY,2042-08-15,21.951,262.671,284.626
1187,GNMA,2021-12-31,MATURITY,2042-08-20,1860.932,18701.192,20562.15
1188,GNMA,2021-12-31,MATURITY,2042-09-15,21.155,256.451,277.606
1189,GNMA,2021-12-31,MATURITY,2042-09-20,1820.666,18074.5,19895.119
1190,GNMA,2021-12-31,MATURITY,2042-10-15,20.375,248.799,269.175
1191,GNMA,2021-12-31,MATURITY,2042-10-20,1781.764,17108.479,18890.27
1192,GNMA,2021-12-31,MATURITY,2042-11-15,19.619,246.01,265.629
1193,GNMA,2021-12-31,MATURITY,2042-11-20,1744.709,16963.271,18707.961
1194,GNMA,2021-12-31,MATURITY,2042-12-15,18.869,236.181,255.049
1195,GNMA,2021-12-31,MATURITY,2042-12-20,1708.044,15779.045,17487.09
1196,GNMA,2021-12-31,MATURITY,2043-01-15,18.15,238.154,256.303
1197,GNMA,2021-12-31,MATURITY,2043-01-20,1673.86,16404.401,18078.301
1198,GNMA,2021-12-31,MATURITY,2043-02-15,17.423,227.442,244.864
1199,GNMA,2021-12-31,MATURITY,2043-02-20,1638.415,14964.185,16602.5
1200,GNMA,2021-12-31,MATURITY,2043-03-15,16.73,225.482,242.21
1201,GNMA,2021-12-31,MATURITY,2043-03-20,1605.821,15004.925,16610.674
1202,GNMA,2021-12-31,MATURITY,2043-04-15,16.04,226.533,242.572
1203,GNMA,2021-12-31,MATURITY,2043-04-20,1573.261,15610.065,17183.251
1204,GNMA,2021-12-31,MATURITY,2043-05-15,15.352,224.697,240.045
1205,GNMA,2021-12-31,MATURITY,2043-05-20,1539.539,15843.147,17382.679
1206,GNMA,2021-12-31,MATURITY,2043-06-15,14.669,221.498,236.167
1207,GNMA,2021-12-31,MATURITY,2043-06-20,1505.348,15716.357,17221.731
1208,GNMA,2021-12-31,MATURITY,2043-07-15,13.997,221.588,235.585
1209,GNMA,2021-12-31,MATURITY,2043-07-20,1471.586,16184.405,17655.995
1210,GNMA,2021-12-31,MATURITY,2043-08-15,13.325,217.719,231.044
1211,GNMA,2021-12-31,MATURITY,2043-08-20,1436.888,15973.06,17409.96
1212,GNMA,2021-12-31,MATURITY,2043-09-15,12.663,210.932,223.595
1213,GNMA,2021-12-31,MATURITY,2043-09-20,1402.646,15226.017,16628.657
1214,GNMA,2021-12-31,MATURITY,2043-10-15,12.023,204.308,216.332
1215,GNMA,2021-12-31,MATURITY,2043-10-20,1369.935,14485.964,15855.845
1216,GNMA,2021-12-31,MATURITY,2043-11-15,11.402,199.891,211.294
1217,GNMA,2021-12-31,MATURITY,2043-11-20,1338.64,14166.992,15505.574
1218,GNMA,2021-12-31,MATURITY,2043-12-15,10.795,194.434,205.229
1219,GNMA,2021-12-31,MATURITY,2043-12-20,1308.015,13607.222,14915.291
1220,GNMA,2021-12-31,MATURITY,2044-01-15,10.205,192.622,202.827
1221,GNMA,2021-12-31,MATURITY,2044-01-20,1278.716,13849.612,15128.363
1222,GNMA,2021-12-31,MATURITY,2044-02-15,9.619,183.74,193.36
1223,GNMA,2021-12-31,MATURITY,2044-02-20,1248.861,12604.738,13853.57
1224,GNMA,2021-12-31,MATURITY,2044-03-15,9.062,182.138,191.196
1225,GNMA,2021-12-31,MATURITY,2044-03-20,1221.518,12911.187,14132.732
1226,GNMA,2021-12-31,MATURITY,2044-04-15,8.506,180.755,189.261
1227,GNMA,2021-12-31,MATURITY,2044-04-20,1193.687,13327.334,14520.975
1228,GNMA,2021-12-31,MATURITY,2044-05-15,7.962,176.86,184.818
1229,GNMA,2021-12-31,MATURITY,2044-05-20,1165.08,13130.386,14295.389
1230,GNMA,2021-12-31,MATURITY,2044-06-15,7.424,174.913,182.335
1231,GNMA,2021-12-31,MATURITY,2044-06-20,1136.824,13374.424,14511.276
1232,GNMA,2021-12-31,MATURITY,2044-07-15,6.894,171.952,178.851
1233,GNMA,2021-12-31,MATURITY,2044-07-20,1108.205,13499.031,14607.158
1234,GNMA,2021-12-31,MATURITY,2044-08-15,6.376,164.501,170.877
1235,GNMA,2021-12-31,MATURITY,2044-08-20,1079.391,12766.433,13845.85
1236,GNMA,2021-12-31,MATURITY,2044-09-15,5.88,159.516,165.397
1237,GNMA,2021-12-31,MATURITY,2044-09-20,1052.008,13065.691,14117.742
1238,GNMA,2021-12-31,MATURITY,2044-10-15,5.4,147.975,153.375
1239,GNMA,2021-12-31,MATURITY,2044-10-20,1024.174,12122.123,13146.263
1240,GNMA,2021-12-31,MATURITY,2044-11-15,4.956,136.142,141.097
1241,GNMA,2021-12-31,MATURITY,2044-11-20,998.101,11720.466,12718.517
1242,GNMA,2021-12-31,MATURITY,2044-12-15,4.548,60.985,65.534
1243,GNMA,2021-12-31,MATURITY,2044-12-20,972.936,11576.831,12549.775
1244,GNMA,2021-12-31,MATURITY,2045-01-15,4.388,60.444,64.833
1245,GNMA,2021-12-31,MATURITY,2045-01-20,948.096,11508.605,12456.624
1246,GNMA,2021-12-31,MATURITY,2045-02-15,4.231,57.347,61.579
1247,GNMA,2021-12-31,MATURITY,2045-02-20,923.428,10771.551,11694.982
1248,GNMA,2021-12-31,MATURITY,2045-03-15,4.082,56.34,60.423
1249,GNMA,2021-12-31,MATURITY,2045-03-20,900.303,10598.438,11498.78
1250,GNMA,2021-12-31,MATURITY,2045-04-15,3.934,56.881,60.818
1251,GNMA,2021-12-31,MATURITY,2045-04-20,877.545,10950.583,11828.129
1252,GNMA,2021-12-31,MATURITY,2045-05-15,3.787,55.011,58.798
1253,GNMA,2021-12-31,MATURITY,2045-05-20,854.267,10653.682,11507.926
1254,GNMA,2021-12-31,MATURITY,2045-06-15,3.645,55.94,59.585
1255,GNMA,2021-12-31,MATURITY,2045-06-20,831.512,10990.171,11821.673
1256,GNMA,2021-12-31,MATURITY,2045-07-15,3.499,55.083,58.583
1257,GNMA,2021-12-31,MATURITY,2045-07-20,808.274,10906.067,11714.369
1258,GNMA,2021-12-31,MATURITY,2045-08-15,3.357,52.675,56.032
1259,GNMA,2021-12-31,MATURITY,2045-08-20,785.246,10353.917,11139.165
1260,GNMA,2021-12-31,MATURITY,2045-09-15,3.222,47.015,50.236
1261,GNMA,2021-12-31,MATURITY,2045-09-20,763.249,10517.743,11281.007
1262,GNMA,2021-12-31,MATURITY,2045-10-15,3.101,43.938,47.041
1263,GNMA,2021-12-31,MATURITY,2045-10-20,741.051,9693.01,10434.069
1264,GNMA,2021-12-31,MATURITY,2045-11-15,2.99,43.374,46.363
1265,GNMA,2021-12-31,MATURITY,2045-11-20,720.459,9570.452,10290.933
1266,GNMA,2021-12-31,MATURITY,2045-12-15,2.879,42.806,45.686
1267,GNMA,2021-12-31,MATURITY,2045-12-20,700.106,9435.256,10135.397
1268,GNMA,2021-12-31,MATURITY,2046-01-15,2.77,41.497,44.267
1269,GNMA,2021-12-31,MATURITY,2046-01-20,680.217,9072.529,9752.624
1270,GNMA,2021-12-31,MATURITY,2046-02-15,2.665,40.167,42.832
1271,GNMA,2021-12-31,MATURITY,2046-02-20,660.984,8667.436,9328.513
1272,GNMA,2021-12-31,MATURITY,2046-03-15,2.562,39.656,42.219
1273,GNMA,2021-12-31,MATURITY,2046-03-20,642.603,8521.682,9164.273
1274,GNMA,2021-12-31,MATURITY,2046-04-15,2.462,39.829,42.29
1275,GNMA,2021-12-31,MATURITY,2046-04-20,624.603,8663.631,9288.285
1276,GNMA,2021-12-31,MATURITY,2046-05-15,2.36,39.247,41.607
1277,GNMA,2021-12-31,MATURITY,2046-05-20,606.451,8591.359,9197.808
1278,GNMA,2021-12-31,MATURITY,2046-06-15,2.261,38.976,41.235
1279,GNMA,2021-12-31,MATURITY,2046-06-20,588.336,8754.3,9342.644
1280,GNMA,2021-12-31,MATURITY,2046-07-15,2.161,35.366,37.527
1281,GNMA,2021-12-31,MATURITY,2046-07-20,570.069,8555.079,9125.179
1282,GNMA,2021-12-31,MATURITY,2046-08-15,2.071,34.538,36.609
1283,GNMA,2021-12-31,MATURITY,2046-08-20,552.208,8342.698,8894.888
1284,GNMA,2021-12-31,MATURITY,2046-09-15,1.983,34.421,36.404
1285,GNMA,2021-12-31,MATURITY,2046-09-20,534.821,8340.996,8875.852
1286,GNMA,2021-12-31,MATURITY,2046-10-15,1.895,32.366,34.262
1287,GNMA,2021-12-31,MATURITY,2046-10-20,517.46,7705.826,8223.308
1288,GNMA,2021-12-31,MATURITY,2046-11-15,1.813,32.328,34.141
1289,GNMA,2021-12-31,MATURITY,2046-11-20,501.44,7748.167,8249.472
1290,GNMA,2021-12-31,MATURITY,2046-12-15,1.731,31.747,33.478
1291,GNMA,2021-12-31,MATURITY,2046-12-20,485.188,7544.472,8029.716
1292,GNMA,2021-12-31,MATURITY,2047-01-15,1.65,30.92,32.57
1293,GNMA,2021-12-31,MATURITY,2047-01-20,469.563,7291.399,7761.012
1294,GNMA,2021-12-31,MATURITY,2047-02-15,1.571,30.083,31.654
1295,GNMA,2021-12-31,MATURITY,2047-02-20,454.396,7033.152,7487.531
1296,GNMA,2021-12-31,MATURITY,2047-03-15,1.494,29.7,31.194
1297,GNMA,2021-12-31,MATURITY,2047-03-20,439.818,6926.333,7366.053
1298,GNMA,2021-12-31,MATURITY,2047-04-15,1.419,29.583,31.002
1299,GNMA,2021-12-31,MATURITY,2047-04-20,425.435,6882.653,7308.036
1300,GNMA,2021-12-31,MATURITY,2047-05-15,1.343,29.504,30.847
1301,GNMA,2021-12-31,MATURITY,2047-05-20,411.209,6935.995,7347.21
1302,GNMA,2021-12-31,MATURITY,2047-06-15,1.268,29.241,30.51
1303,GNMA,2021-12-31,MATURITY,2047-06-20,397.003,6962.943,7359.933
1304,GNMA,2021-12-31,MATURITY,2047-07-15,1.193,28.341,29.536
1305,GNMA,2021-12-31,MATURITY,2047-07-20,382.717,6770.035,7152.858
1306,GNMA,2021-12-31,MATURITY,2047-08-15,1.123,27.68,28.803
1307,GNMA,2021-12-31,MATURITY,2047-08-20,368.863,6716.051,7085.051
1308,GNMA,2021-12-31,MATURITY,2047-09-15,1.053,26.871,27.922
1309,GNMA,2021-12-31,MATURITY,2047-09-20,355.192,6584.584,6939.675
1310,GNMA,2021-12-31,MATURITY,2047-10-15,0.985,25.7,26.683
1311,GNMA,2021-12-31,MATURITY,2047-10-20,341.759,6249.652,6591.34
1312,GNMA,2021-12-31,MATURITY,2047-11-15,0.919,24.407,25.326
1313,GNMA,2021-12-31,MATURITY,2047-11-20,328.963,6179.298,6508.279
1314,GNMA,2021-12-31,MATURITY,2047-12-15,0.858,23.644,24.501
1315,GNMA,2021-12-31,MATURITY,2047-12-20,316.403,5957.561,6273.955
1316,GNMA,2021-12-31,MATURITY,2048-01-15,0.8,23.12,23.919
1317,GNMA,2021-12-31,MATURITY,2048-01-20,304.364,5908.005,6212.265
1318,GNMA,2021-12-31,MATURITY,2048-02-15,0.741,22.315,23.057
1319,GNMA,2021-12-31,MATURITY,2048-02-20,292.414,5689.605,5981.965
1320,GNMA,2021-12-31,MATURITY,2048-03-15,0.685,21.751,22.437
1321,GNMA,2021-12-31,MATURITY,2048-03-20,280.871,5599.738,5880.613
1322,GNMA,2021-12-31,MATURITY,2048-04-15,0.631,21.313,21.944
1323,GNMA,2021-12-31,MATURITY,2048-04-20,269.554,5610.981,5880.523
1324,GNMA,2021-12-31,MATURITY,2048-05-15,0.578,20.773,21.35
1325,GNMA,2021-12-31,MATURITY,2048-05-20,258.281,5552.86,5811.132
1326,GNMA,2021-12-31,MATURITY,2048-06-15,0.525,20.124,20.649
1327,GNMA,2021-12-31,MATURITY,2048-06-20,247.246,5417.445,5664.699
1328,GNMA,2021-12-31,MATURITY,2048-07-15,0.475,19.568,20.042
1329,GNMA,2021-12-31,MATURITY,2048-07-20,236.465,5419.56,5656.163
1330,GNMA,2021-12-31,MATURITY,2048-08-15,0.426,18.919,19.345
1331,GNMA,2021-12-31,MATURITY,2048-08-20,225.845,5327.524,5553.353
1332,GNMA,2021-12-31,MATURITY,2048-09-15,0.38,18.245,18.624
1333,GNMA,2021-12-31,MATURITY,2048-09-20,215.332,5162.495,5377.834
1334,GNMA,2021-12-31,MATURITY,2048-10-15,0.333,17.551,17.884
1335,GNMA,2021-12-31,MATURITY,2048-10-20,205.145,4986.31,5191.529
1336,GNMA,2021-12-31,MATURITY,2048-11-15,0.29,16.82,17.111
1337,GNMA,2021-12-31,MATURITY,2048-11-20,195.393,4886.669,5081.988
1338,GNMA,2021-12-31,MATURITY,2048-12-15,0.248,15.904,16.152
1339,GNMA,2021-12-31,MATURITY,2048-12-20,185.804,4763.194,4948.977
1340,GNMA,2021-12-31,MATURITY,2049-01-15,0.208,14.954,15.161
1341,GNMA,2021-12-31,MATURITY,2049-01-20,176.424,4728.011,4904.498
1342,GNMA,2021-12-31,MATURITY,2049-02-15,0.17,13.998,14.169
1343,GNMA,2021-12-31,MATURITY,2049-02-20,167.247,4526.08,4693.425
1344,GNMA,2021-12-31,MATURITY,2049-03-15,0.136,13.235,13.37
1345,GNMA,2021-12-31,MATURITY,2049-03-20,158.36,4475.409,4633.767
1346,GNMA,2021-12-31,MATURITY,2049-04-15,0.103,12.104,12.206
1347,GNMA,2021-12-31,MATURITY,2049-04-20,149.68,4470.297,4619.972
1348,GNMA,2021-12-31,MATURITY,2049-05-15,0.073,10.479,10.552
1349,GNMA,2021-12-31,MATURITY,2049-05-20,141.011,4397.855,4538.849
1350,GNMA,2021-12-31,MATURITY,2049-06-15,0.046,5.216,5.262
1351,GNMA,2021-12-31,MATURITY,2049-06-20,132.5,4308.621,4441.143
1352,GNMA,2021-12-31,MATURITY,2049-07-15,0.033,4.923,4.956
1353,GNMA,2021-12-31,MATURITY,2049-07-20,124.145,4245.464,4369.658
1354,GNMA,2021-12-31,MATURITY,2049-08-15,0.021,4.489,4.509
1355,GNMA,2021-12-31,MATURITY,2049-08-20,115.935,4108.909,4224.878
1356,GNMA,2021-12-31,MATURITY,2049-09-15,0.01,3.804,3.813
1357,GNMA,2021-12-31,MATURITY,2049-09-20,108.071,3956.736,4064.764
1358,GNMA,2021-12-31,MATURITY,2049-10-20,100.579,3719.464,3819.931
1359,GNMA,2021-12-31,MATURITY,2049-11-20,93.528,3587.23,3680.709
1360,GNMA,2021-12-31,MATURITY,2049-12-20,86.751,3443.275,3530.179
1361,GNMA,2021-12-31,MATURITY,2050-01-20,80.377,3371.724,3452.148
1362,GNMA,2021-12-31,MATURITY,2050-02-20,74.078,3220.589,3294.614
1363,GNMA,2021-12-31,MATURITY,2050-03-20,68.08,3103.645,3171.764
1364,GNMA,2021-12-31,MATURITY,2050-04-20,62.356,2989.283,3051.571
1365,GNMA,2021-12-31,MATURITY,2050-05-20,56.82,2903.811,2960.627
1366,GNMA,2021-12-31,MATURITY,2050-06-20,51.488,2820.855,2872.378
1367,GNMA,2021-12-31,MATURITY,2050-07-20,46.25,2664.968,2711.22
1368,GNMA,2021-12-31,MATURITY,2050-08-20,41.375,2516.083,2557.456
1369,GNMA,2021-12-31,MATURITY,2050-09-20,36.734,2428.294,2465.019
1370,GNMA,2021-12-31,MATURITY,2050-10-20,32.335,2311.848,2344.238
1371,GNMA,2021-12-31,MATURITY,2050-11-20,28.194,2232.248,2260.411
1372,GNMA,2021-12-31,MATURITY,2050-12-20,24.104,2115.57,2139.681
1373,GNMA,2021-12-31,MATURITY,2051-01-20,20.254,2043.527,2063.836
1374,GNMA,2021-12-31,MATURITY,2051-02-20,16.552,1952.881,1969.431
1375,GNMA,2021-12-31,MATURITY,2051-03-20,13.027,1849.227,1862.223
1376,GNMA,2021-12-31,MATURITY,2051-04-20,9.741,1587.576,1597.317
1377,GNMA,2021-12-31,MATURITY,2051-05-20,6.979,1332.85,1339.749
1378,GNMA,2021-12-31,MATURITY,2051-06-20,4.654,1180.671,1185.325
1379,GNMA,2021-12-31,MATURITY,2051-07-20,2.613,954.754,957.413
1380,GNMA,2021-12-31,MATURITY,2051-08-20,0.984,353.14,354.124
1381,GNMA,2021-12-31,MATURITY,2051-09-20,0.366,233.384,233.796
